task_id,condition,passed,draws,missing,pass_rate,quality_lower_bound,quality_upper_bound,mean_stage_seconds
atcoder/abc356_a,SMALL_ONLY,3,3,0,1.0,1.0,1.0,99.6005130961227
atcoder/abc358_b,SMALL_ONLY,3,3,0,1.0,1.0,1.0,99.46850586236299
leetcode/3511,SMALL_ONLY,3,3,0,1.0,1.0,1.0,192.28084423583155
atcoder/abc359_a,SMALL_ONLY,3,3,0,1.0,1.0,1.0,58.53097011179974
leetcode/3412,SMALL_ONLY,3,3,0,1.0,1.0,1.0,97.1631471941558
atcoder/abc349_a,SMALL_ONLY,3,3,0,1.0,1.0,1.0,32.364728458380945
leetcode/3428,SMALL_ONLY,3,3,0,1.0,1.0,1.0,93.04250974825118
leetcode/3450,SMALL_ONLY,3,3,0,1.0,1.0,1.0,105.88028943080765
leetcode/3379,SMALL_ONLY,3,3,0,1.0,1.0,1.0,66.23467375004354
leetcode/3484,SMALL_ONLY,3,3,0,1.0,1.0,1.0,387.6074874581148
atcoder/abc362_c,SMALL_ONLY,0,3,0,0.0,0.0,0.0,477.3875959862489
leetcode/3455,SMALL_ONLY,0,3,0,0.0,0.0,0.0,1104.3581067626753
leetcode/3464,SMALL_ONLY,3,3,0,1.0,1.0,1.0,767.798806125531
atcoder/abc357_d,SMALL_ONLY,3,3,0,1.0,1.0,1.0,352.15037591565243
atcoder/abc360_c,SMALL_ONLY,3,3,0,1.0,1.0,1.0,750.1401669578627
leetcode/3430,SMALL_ONLY,3,3,0,1.0,1.0,1.0,142.19975019351114
leetcode/3384,SMALL_ONLY,3,3,0,1.0,1.0,1.0,110.11661561167178
leetcode/3461,SMALL_ONLY,3,3,0,1.0,1.0,1.0,121.81448234854422
leetcode/3453,SMALL_ONLY,3,3,0,1.0,1.0,1.0,285.48945390355465
leetcode/3413,SMALL_ONLY,0,3,0,0.0,0.0,0.0,672.1214809302473
atcoder/abc357_c,SMALL_ONLY,3,3,0,1.0,1.0,1.0,195.21808477743375
leetcode/3462,SMALL_ONLY,3,3,0,1.0,1.0,1.0,507.7965078052366
atcoder/abc364_e,SMALL_ONLY,0,3,0,0.0,0.0,0.0,1623.467429346599
atcoder/abc351_d,SMALL_ONLY,3,3,0,1.0,1.0,1.0,890.9645114154167
atcoder/abc352_e,SMALL_ONLY,3,3,0,1.0,1.0,1.0,469.5913414017996
atcoder/abc359_e,SMALL_ONLY,0,3,0,0.0,0.0,0.0,1734.8291804309702
atcoder/abc362_e,SMALL_ONLY,3,3,0,1.0,1.0,1.0,712.7996416116754
atcoder/abc364_d,SMALL_ONLY,3,3,0,1.0,1.0,1.0,531.2766382783497
atcoder/abc348_e,SMALL_ONLY,3,3,0,1.0,1.0,1.0,512.5510708899237
atcoder/abc351_f,SMALL_ONLY,3,3,0,1.0,1.0,1.0,737.6284309870098
atcoder/abc362_d,SMALL_ONLY,3,3,0,1.0,1.0,1.0,299.4007081397576
leetcode/3478,SMALL_ONLY,0,3,0,0.0,0.0,0.0,1636.035661916753
atcoder/abc353_e,SMALL_ONLY,3,3,0,1.0,1.0,1.0,334.4932011673227
leetcode/3482,SMALL_ONLY,0,3,0,0.0,0.0,0.0,831.8921570829503
atcoder/abc363_e,SMALL_ONLY,3,3,0,1.0,1.0,1.0,815.5376597919967
atcoder/abc349_d,SMALL_ONLY,3,3,0,1.0,1.0,1.0,501.8385943051738
leetcode/3454,SMALL_ONLY,0,3,0,0.0,0.0,0.0,1075.8823689434212
atcoder/abc358_e,SMALL_ONLY,3,3,0,1.0,1.0,1.0,591.6944332765803
leetcode/3466,SMALL_ONLY,3,3,0,1.0,1.0,1.0,482.3776193468754
atcoder/abc359_d,SMALL_ONLY,3,3,0,1.0,1.0,1.0,824.820031889365
atcoder/abc356_a,H10,3,3,0,1.0,1.0,1.0,110.87800414018177
atcoder/abc358_b,H10,3,3,0,1.0,1.0,1.0,125.87312349898275
leetcode/3511,H10,3,3,0,1.0,1.0,1.0,221.04898345916686
atcoder/abc359_a,H10,3,3,0,1.0,1.0,1.0,144.86444465387225
leetcode/3412,H10,3,3,0,1.0,1.0,1.0,89.8113320970054
atcoder/abc349_a,H10,3,3,0,1.0,1.0,1.0,67.32198825074981
leetcode/3428,H10,3,3,0,1.0,1.0,1.0,140.63680940216486
leetcode/3450,H10,3,3,0,1.0,1.0,1.0,158.67698201346988
leetcode/3379,H10,3,3,0,1.0,1.0,1.0,80.75253205562088
leetcode/3484,H10,3,3,0,1.0,1.0,1.0,345.57322222198127
atcoder/abc362_c,H10,0,3,0,0.0,0.0,0.0,342.23233005635365
leetcode/3455,H10,0,3,0,0.0,0.0,0.0,1232.3788356941466
leetcode/3464,H10,3,3,0,1.0,1.0,1.0,926.1002326950353
atcoder/abc357_d,H10,3,3,0,1.0,1.0,1.0,483.06018215206376
atcoder/abc360_c,H10,3,3,0,1.0,1.0,1.0,535.0917563193556
leetcode/3430,H10,3,3,0,1.0,1.0,1.0,185.33161134882053
leetcode/3384,H10,3,3,0,1.0,1.0,1.0,138.8838210005973
leetcode/3461,H10,3,3,0,1.0,1.0,1.0,182.350355639006
leetcode/3453,H10,3,3,0,1.0,1.0,1.0,261.8714201665716
leetcode/3413,H10,3,3,0,1.0,1.0,1.0,505.0586170545236
atcoder/abc357_c,H10,3,3,0,1.0,1.0,1.0,343.338330429513
leetcode/3462,H10,3,3,0,1.0,1.0,1.0,655.534999972384
atcoder/abc364_e,H10,0,3,0,0.0,0.0,0.0,1760.162324124695
atcoder/abc351_d,H10,3,3,0,1.0,1.0,1.0,1186.0675843741822
atcoder/abc352_e,H10,3,3,0,1.0,1.0,1.0,498.94636677770177
atcoder/abc359_e,H10,0,3,0,0.0,0.0,0.0,1872.504923416418
atcoder/abc362_e,H10,3,3,0,1.0,1.0,1.0,1205.8226046524942
atcoder/abc364_d,H10,3,3,0,1.0,1.0,1.0,756.9770846518417
atcoder/abc348_e,H10,3,3,0,1.0,1.0,1.0,488.47081063893467
atcoder/abc351_f,H10,3,3,0,1.0,1.0,1.0,1021.5732669172963
atcoder/abc362_d,H10,3,3,0,1.0,1.0,1.0,429.6965788071005
leetcode/3478,H10,0,3,0,0.0,0.0,0.0,1420.186341707711
atcoder/abc353_e,H10,3,3,0,1.0,1.0,1.0,643.1376909172008
leetcode/3482,H10,0,3,0,0.0,0.0,0.0,1177.7806373476633
atcoder/abc363_e,H10,3,3,0,1.0,1.0,1.0,1369.6126509869548
atcoder/abc349_d,H10,3,3,0,1.0,1.0,1.0,584.2545453747152
leetcode/3454,H10,0,3,0,0.0,0.0,0.0,1402.809495916202
atcoder/abc358_e,H10,3,3,0,1.0,1.0,1.0,679.3103002344529
leetcode/3466,H10,0,3,0,0.0,0.0,0.0,597.6954206670634
atcoder/abc359_d,H10,3,3,0,1.0,1.0,1.0,763.218830540524
atcoder/abc356_a,H25,3,3,0,1.0,1.0,1.0,182.25625609730682
atcoder/abc358_b,H25,3,3,0,1.0,1.0,1.0,163.8996888877979
leetcode/3511,H25,3,3,0,1.0,1.0,1.0,277.38984565262217
atcoder/abc359_a,H25,3,3,0,1.0,1.0,1.0,83.53522459704739
leetcode/3412,H25,3,3,0,1.0,1.0,1.0,117.74568905535853
atcoder/abc349_a,H25,3,3,0,1.0,1.0,1.0,71.63965368076849
leetcode/3428,H25,3,3,0,1.0,1.0,1.0,137.39894401237447
leetcode/3450,H25,2,3,0,0.6666666666666666,0.6666666666666666,0.6666666666666666,324.00752070757636
leetcode/3379,H25,3,3,0,1.0,1.0,1.0,103.42980157182319
leetcode/3484,H25,3,3,0,1.0,1.0,1.0,514.6617976789906
atcoder/abc362_c,H25,0,3,0,0.0,0.0,0.0,570.6599693178432
leetcode/3455,H25,0,3,0,0.0,0.0,0.0,1487.0062166397304
leetcode/3464,H25,3,3,0,1.0,1.0,1.0,1172.0802511928098
atcoder/abc357_d,H25,3,3,0,1.0,1.0,1.0,413.6537532356645
atcoder/abc360_c,H25,3,3,0,1.0,1.0,1.0,949.9067335822232
leetcode/3430,H25,3,3,0,1.0,1.0,1.0,247.0077115831858
leetcode/3384,H25,3,3,0,1.0,1.0,1.0,187.24969874954937
leetcode/3461,H25,3,3,0,1.0,1.0,1.0,250.38931761140702
leetcode/3453,H25,3,3,0,1.0,1.0,1.0,419.10052677666926
leetcode/3413,H25,3,3,0,1.0,1.0,1.0,1195.9415432090561
atcoder/abc357_c,H25,3,3,0,1.0,1.0,1.0,449.81196537497453
leetcode/3462,H25,3,3,0,1.0,1.0,1.0,643.8216338209459
atcoder/abc364_e,H25,0,3,2,,0.0,0.6666666666666666,1641.4049877775833
atcoder/abc351_d,H25,3,3,0,1.0,1.0,1.0,1443.0928599708907
atcoder/abc352_e,H25,3,3,0,1.0,1.0,1.0,630.2569624449437
atcoder/abc359_e,H25,0,3,0,0.0,0.0,0.0,2297.2099403478787
atcoder/abc362_e,H25,3,3,0,1.0,1.0,1.0,1504.1563627506646
atcoder/abc364_d,H25,3,3,0,1.0,1.0,1.0,763.2861414023209
atcoder/abc348_e,H25,3,3,0,1.0,1.0,1.0,774.7650665963884
atcoder/abc351_f,H25,3,3,0,1.0,1.0,1.0,974.5433825699147
atcoder/abc362_d,H25,3,3,0,1.0,1.0,1.0,601.0767068200317
leetcode/3478,H25,0,3,0,0.0,0.0,0.0,1580.6878380145645
atcoder/abc353_e,H25,0,3,0,0.0,0.0,0.0,906.3751948890664
leetcode/3482,H25,0,3,0,0.0,0.0,0.0,1301.591447403053
atcoder/abc363_e,H25,3,3,0,1.0,1.0,1.0,1269.247374778109
atcoder/abc349_d,H25,3,3,0,1.0,1.0,1.0,681.1882569590234
leetcode/3454,H25,0,3,0,0.0,0.0,0.0,1668.5603584856726
atcoder/abc358_e,H25,3,3,0,1.0,1.0,1.0,848.805574194955
leetcode/3466,H25,3,3,0,1.0,1.0,1.0,701.0211302913376
atcoder/abc359_d,H25,3,3,0,1.0,1.0,1.0,1068.752975485889
atcoder/abc356_a,H50,3,3,0,1.0,1.0,1.0,242.3149424441508
atcoder/abc358_b,H50,3,3,0,1.0,1.0,1.0,187.50575390316467
leetcode/3511,H50,3,3,0,1.0,1.0,1.0,320.2059801670257
atcoder/abc359_a,H50,3,3,0,1.0,1.0,1.0,103.15806394347844
leetcode/3412,H50,3,3,0,1.0,1.0,1.0,139.19468604233893
atcoder/abc349_a,H50,3,3,0,1.0,1.0,1.0,98.98500441759825
leetcode/3428,H50,3,3,0,1.0,1.0,1.0,196.87455223574457
leetcode/3450,H50,3,3,0,1.0,1.0,1.0,970.7411605956926
leetcode/3379,H50,3,3,0,1.0,1.0,1.0,151.5956374713181
leetcode/3484,H50,3,3,0,1.0,1.0,1.0,669.9237420822416
atcoder/abc362_c,H50,0,3,0,0.0,0.0,0.0,598.6955195146342
leetcode/3455,H50,3,3,0,1.0,1.0,1.0,1382.6449718185856
leetcode/3464,H50,3,3,0,1.0,1.0,1.0,1718.0855426381847
atcoder/abc357_d,H50,3,3,0,1.0,1.0,1.0,767.0239791096732
atcoder/abc360_c,H50,3,3,0,1.0,1.0,1.0,1252.4668826816294
leetcode/3430,H50,3,3,0,1.0,1.0,1.0,375.59546877876465
leetcode/3384,H50,3,3,0,1.0,1.0,1.0,255.0326867933812
leetcode/3461,H50,3,3,0,1.0,1.0,1.0,355.49617316727137
leetcode/3453,H50,3,3,0,1.0,1.0,1.0,543.867876611359
leetcode/3413,H50,3,3,0,1.0,1.0,1.0,864.7134589160365
atcoder/abc357_c,H50,3,3,0,1.0,1.0,1.0,517.0639924319888
leetcode/3462,H50,3,3,0,1.0,1.0,1.0,888.6371579998328
atcoder/abc364_e,H50,0,3,3,,0.0,1.0,2458.602139111647
atcoder/abc351_d,H50,3,3,0,1.0,1.0,1.0,3010.855606485837
atcoder/abc352_e,H50,3,3,0,1.0,1.0,1.0,768.0352800980327
atcoder/abc359_e,H50,0,3,0,0.0,0.0,0.0,3050.221527277628
atcoder/abc362_e,H50,3,3,0,1.0,1.0,1.0,1775.4856948619708
atcoder/abc364_d,H50,3,3,0,1.0,1.0,1.0,902.8116241651005
atcoder/abc348_e,H50,3,3,0,1.0,1.0,1.0,973.4389200013053
atcoder/abc351_f,H50,3,3,0,1.0,1.0,1.0,1119.9239625141297
atcoder/abc362_d,H50,3,3,0,1.0,1.0,1.0,880.1701194021152
leetcode/3478,H50,0,3,0,0.0,0.0,0.0,2772.2252780416748
atcoder/abc353_e,H50,3,3,0,1.0,1.0,1.0,1210.0320434037906
leetcode/3482,H50,3,3,0,1.0,1.0,1.0,1647.0314002370385
atcoder/abc363_e,H50,3,3,0,1.0,1.0,1.0,1589.024813653649
atcoder/abc349_d,H50,3,3,0,1.0,1.0,1.0,1098.4827854996547
leetcode/3454,H50,0,3,0,0.0,0.0,0.0,2867.3140138471886
atcoder/abc358_e,H50,3,3,0,1.0,1.0,1.0,1155.2472893177376
leetcode/3466,H50,3,3,0,1.0,1.0,1.0,1044.4036575550174
atcoder/abc359_d,H50,3,3,0,1.0,1.0,1.0,1092.9726602374187
atcoder/abc356_a,H75,3,3,0,1.0,1.0,1.0,307.2750923193137
atcoder/abc358_b,H75,3,3,0,1.0,1.0,1.0,263.05754350021016
leetcode/3511,H75,3,3,0,1.0,1.0,1.0,427.1940731246141
atcoder/abc359_a,H75,3,3,0,1.0,1.0,1.0,144.69673299995097
leetcode/3412,H75,3,3,0,1.0,1.0,1.0,183.42668079128876
atcoder/abc349_a,H75,3,3,0,1.0,1.0,1.0,120.78698093108444
leetcode/3428,H75,3,3,0,1.0,1.0,1.0,264.5088685427715
leetcode/3450,H75,3,3,0,1.0,1.0,1.0,505.18305379129015
leetcode/3379,H75,3,3,0,1.0,1.0,1.0,167.32385537486212
leetcode/3484,H75,3,3,0,1.0,1.0,1.0,857.6339600422652
atcoder/abc362_c,H75,0,3,0,0.0,0.0,0.0,738.784280555963
leetcode/3455,H75,3,3,0,1.0,1.0,1.0,1434.3786216666533
leetcode/3464,H75,3,3,0,1.0,1.0,1.0,2247.533233207612
atcoder/abc357_d,H75,3,3,0,1.0,1.0,1.0,774.2831765554147
atcoder/abc360_c,H75,3,3,0,1.0,1.0,1.0,1387.4604379722539
leetcode/3430,H75,3,3,0,1.0,1.0,1.0,567.843000973245
leetcode/3384,H75,3,3,0,1.0,1.0,1.0,294.76066676494275
leetcode/3461,H75,3,3,0,1.0,1.0,1.0,404.47866788847995
leetcode/3453,H75,3,3,0,1.0,1.0,1.0,726.5494791234183
leetcode/3413,H75,3,3,0,1.0,1.0,1.0,936.6293766395538
atcoder/abc357_c,H75,3,3,0,1.0,1.0,1.0,683.7218247082006
leetcode/3462,H75,3,3,0,1.0,1.0,1.0,1249.8939325706644
atcoder/abc364_e,H75,0,3,3,,0.0,1.0,3034.746284458728
atcoder/abc351_d,H75,3,3,0,1.0,1.0,1.0,3761.499185332233
atcoder/abc352_e,H75,3,3,0,1.0,1.0,1.0,975.1214973055176
atcoder/abc359_e,H75,0,3,0,0.0,0.0,0.0,3853.4966290693264
atcoder/abc362_e,H75,3,3,0,1.0,1.0,1.0,2137.6674419579017
atcoder/abc364_d,H75,3,3,0,1.0,1.0,1.0,976.9686900414526
atcoder/abc348_e,H75,3,3,0,1.0,1.0,1.0,1256.150109541001
atcoder/abc351_f,H75,3,3,0,1.0,1.0,1.0,1471.6341986523087
atcoder/abc362_d,H75,3,3,0,1.0,1.0,1.0,1065.4177079032136
leetcode/3478,H75,0,3,0,0.0,0.0,0.0,3364.1948926950768
atcoder/abc353_e,H75,3,3,0,1.0,1.0,1.0,1360.048488082403
leetcode/3482,H75,0,3,0,0.0,0.0,0.0,2182.9005484586814
atcoder/abc363_e,H75,3,3,0,1.0,1.0,1.0,2100.601455737565
atcoder/abc349_d,H75,3,3,0,1.0,1.0,1.0,1313.3378437776119
leetcode/3454,H75,3,3,0,1.0,1.0,1.0,3363.1111196669713
atcoder/abc358_e,H75,3,3,0,1.0,1.0,1.0,1608.3012046096458
leetcode/3466,H75,3,3,0,1.0,1.0,1.0,1402.6194297358743
atcoder/abc359_d,H75,3,3,0,1.0,1.0,1.0,1507.2180764572502
atcoder/abc356_a,FULL_TEXT,3,3,0,1.0,1.0,1.0,380.6693312082013
atcoder/abc358_b,FULL_TEXT,3,3,0,1.0,1.0,1.0,296.6818589453857
leetcode/3511,FULL_TEXT,3,3,0,1.0,1.0,1.0,491.81079362455057
atcoder/abc359_a,FULL_TEXT,3,3,0,1.0,1.0,1.0,167.8180191104184
leetcode/3412,FULL_TEXT,3,3,0,1.0,1.0,1.0,205.39701543047946
atcoder/abc349_a,FULL_TEXT,3,3,0,1.0,1.0,1.0,141.33049593118872
leetcode/3428,FULL_TEXT,3,3,0,1.0,1.0,1.0,317.506896472439
leetcode/3450,FULL_TEXT,3,3,0,1.0,1.0,1.0,589.7534476950337
leetcode/3379,FULL_TEXT,3,3,0,1.0,1.0,1.0,186.79021591726146
leetcode/3484,FULL_TEXT,3,3,0,1.0,1.0,1.0,1098.4265057764326
atcoder/abc362_c,FULL_TEXT,0,3,0,0.0,0.0,0.0,872.9696708896081
leetcode/3455,FULL_TEXT,3,3,0,1.0,1.0,1.0,1727.0288245424163
leetcode/3464,FULL_TEXT,3,3,0,1.0,1.0,1.0,2897.713158346383
atcoder/abc357_d,FULL_TEXT,3,3,0,1.0,1.0,1.0,824.3998847226612
atcoder/abc360_c,FULL_TEXT,3,3,0,1.0,1.0,1.0,1585.108455945175
leetcode/3430,FULL_TEXT,3,3,0,1.0,1.0,1.0,685.3714418611102
leetcode/3384,FULL_TEXT,3,3,0,1.0,1.0,1.0,352.3954713612523
leetcode/3461,FULL_TEXT,3,3,0,1.0,1.0,1.0,505.34478830575245
leetcode/3453,FULL_TEXT,3,3,0,1.0,1.0,1.0,853.019286930367
leetcode/3413,FULL_TEXT,3,3,0,1.0,1.0,1.0,1155.668748263289
atcoder/abc357_c,FULL_TEXT,3,3,0,1.0,1.0,1.0,702.9382680263952
leetcode/3462,FULL_TEXT,3,3,0,1.0,1.0,1.0,1492.9207208057244
atcoder/abc364_e,FULL_TEXT,0,3,3,,0.0,1.0,3517.9221392211816
atcoder/abc351_d,FULL_TEXT,3,3,0,1.0,1.0,1.0,4735.193980180328
atcoder/abc352_e,FULL_TEXT,3,3,0,1.0,1.0,1.0,1193.8473065686412
atcoder/abc359_e,FULL_TEXT,0,3,0,0.0,0.0,0.0,4712.002673554195
atcoder/abc362_e,FULL_TEXT,3,3,0,1.0,1.0,1.0,2687.85559984737
atcoder/abc364_d,FULL_TEXT,3,3,0,1.0,1.0,1.0,1241.88958063743
atcoder/abc348_e,FULL_TEXT,3,3,0,1.0,1.0,1.0,1432.2342874026315
atcoder/abc351_f,FULL_TEXT,3,3,0,1.0,1.0,1.0,1858.1084479302906
atcoder/abc362_d,FULL_TEXT,3,3,0,1.0,1.0,1.0,1266.6751453736408
leetcode/3478,FULL_TEXT,0,3,0,0.0,0.0,0.0,4435.871708985865
atcoder/abc353_e,FULL_TEXT,3,3,0,1.0,1.0,1.0,1598.1821803883843
leetcode/3482,FULL_TEXT,1,3,0,0.3333333333333333,0.3333333333333333,0.3333333333333333,2548.6651201663576
atcoder/abc363_e,FULL_TEXT,3,3,0,1.0,1.0,1.0,2404.8738024872728
atcoder/abc349_d,FULL_TEXT,3,3,0,1.0,1.0,1.0,1540.8874514840427
leetcode/3454,FULL_TEXT,3,3,0,1.0,1.0,1.0,4334.987517596455
atcoder/abc358_e,FULL_TEXT,3,3,0,1.0,1.0,1.0,1737.6117388196872
leetcode/3466,FULL_TEXT,3,3,0,1.0,1.0,1.0,1745.6875795428641
atcoder/abc359_d,FULL_TEXT,3,3,0,1.0,1.0,1.0,1715.9583787627635
atcoder/abc356_a,LARGE_ONLY,3,3,0,1.0,1.0,1.0,371.0415556243582
atcoder/abc358_b,LARGE_ONLY,3,3,0,1.0,1.0,1.0,324.11511658339685
leetcode/3511,LARGE_ONLY,3,3,0,1.0,1.0,1.0,538.2308165275996
atcoder/abc359_a,LARGE_ONLY,3,3,0,1.0,1.0,1.0,171.04232115327613
leetcode/3412,LARGE_ONLY,3,3,0,1.0,1.0,1.0,249.0153484030549
atcoder/abc349_a,LARGE_ONLY,3,3,0,1.0,1.0,1.0,142.40473484732988
leetcode/3428,LARGE_ONLY,3,3,0,1.0,1.0,1.0,357.42259547131835
leetcode/3450,LARGE_ONLY,3,3,0,1.0,1.0,1.0,631.3914009019887
leetcode/3379,LARGE_ONLY,3,3,0,1.0,1.0,1.0,223.87448905629572
leetcode/3484,LARGE_ONLY,3,3,0,1.0,1.0,1.0,1146.420560083391
atcoder/abc362_c,LARGE_ONLY,0,3,0,0.0,0.0,0.0,935.5575028206222
leetcode/3455,LARGE_ONLY,3,3,0,1.0,1.0,1.0,1767.7472167229473
leetcode/3464,LARGE_ONLY,3,3,0,1.0,1.0,1.0,2969.1769279302484
atcoder/abc357_d,LARGE_ONLY,3,3,0,1.0,1.0,1.0,884.686821291359
atcoder/abc360_c,LARGE_ONLY,3,3,0,1.0,1.0,1.0,1635.5660563610145
leetcode/3430,LARGE_ONLY,3,3,0,1.0,1.0,1.0,735.3093739726659
leetcode/3384,LARGE_ONLY,3,3,0,1.0,1.0,1.0,398.1414711949765
leetcode/3461,LARGE_ONLY,3,3,0,1.0,1.0,1.0,566.2526423350015
leetcode/3453,LARGE_ONLY,3,3,0,1.0,1.0,1.0,905.5037101812777
leetcode/3413,LARGE_ONLY,3,3,0,1.0,1.0,1.0,1208.5152517496608
atcoder/abc357_c,LARGE_ONLY,3,3,0,1.0,1.0,1.0,714.3540488463865
leetcode/3462,LARGE_ONLY,3,3,0,1.0,1.0,1.0,1527.531646571025
atcoder/abc364_e,LARGE_ONLY,0,3,2,,0.0,0.6666666666666666,3599.073782651627
atcoder/abc351_d,LARGE_ONLY,3,3,0,1.0,1.0,1.0,4808.566446097626
atcoder/abc352_e,LARGE_ONLY,3,3,0,1.0,1.0,1.0,1288.7315847926463
atcoder/abc359_e,LARGE_ONLY,0,3,0,0.0,0.0,0.0,4734.404651013941
atcoder/abc362_e,LARGE_ONLY,3,3,0,1.0,1.0,1.0,2767.2403269869974
atcoder/abc364_d,LARGE_ONLY,3,3,0,1.0,1.0,1.0,1308.4293926372968
atcoder/abc348_e,LARGE_ONLY,3,3,0,1.0,1.0,1.0,1542.7225230976862
atcoder/abc351_f,LARGE_ONLY,3,3,0,1.0,1.0,1.0,1929.4219022500329
atcoder/abc362_d,LARGE_ONLY,3,3,0,1.0,1.0,1.0,1347.9935396383323
leetcode/3478,LARGE_ONLY,0,3,0,0.0,0.0,0.0,4535.5678019303405
atcoder/abc353_e,LARGE_ONLY,3,3,0,1.0,1.0,1.0,1668.2128852916455
leetcode/3482,LARGE_ONLY,1,3,0,0.3333333333333333,0.3333333333333333,0.3333333333333333,2636.268468583701
atcoder/abc363_e,LARGE_ONLY,3,3,0,1.0,1.0,1.0,2507.723108195952
atcoder/abc349_d,LARGE_ONLY,3,3,0,1.0,1.0,1.0,1625.920959528031
leetcode/3454,LARGE_ONLY,3,3,0,1.0,1.0,1.0,4371.5972142500295
atcoder/abc358_e,LARGE_ONLY,3,3,0,1.0,1.0,1.0,1821.9914729159016
leetcode/3466,LARGE_ONLY,3,3,0,1.0,1.0,1.0,1805.3065209163663
atcoder/abc359_d,LARGE_ONLY,3,3,0,1.0,1.0,1.0,1795.1606405553175
