task_id,role,reasoning_tokens,natural_boundary,reasoning_capped,early_eos,reasoning_seconds,timing_complete,history_path,history_sha256
leetcode/3731,source,1927,True,False,False,136.44733712309971,True,primary/tasks/leetcode__3731/large_history/source_history.json,0254d81a3510fdc3785cbed5899978bf9faed5bd113d97520ab5bb0a96d294dc
leetcode/3731,small,2031,True,False,False,82.21726996824145,True,primary/tasks/leetcode__3731/small_history/source_history.json,de778af9f00646ee544b74ded2d90401b729be1b563a3b00792fc4bdc7c123a3
atcoder/abc392_b,source,2741,True,False,False,192.75468868017197,True,primary/tasks/atcoder__abc392_b/large_history/source_history.json,bb9b1b512ed6e70ce42662c1f7a5a11b166cdc71723a072a88d53c10b7c320c8
atcoder/abc392_b,small,1953,True,False,False,85.76494789496064,True,primary/tasks/atcoder__abc392_b/small_history/source_history.json,1a4e16f36b95440c903e5c5895ecf6a3d9cdbfcefae014034eb3632ce2475f2a
leetcode/3654,source,15575,True,False,False,1115.634456851054,True,primary/tasks/leetcode__3654/large_history/source_history.json,29c432c846d8be402c703dac975699548f102db47e285f6b67734a8e9a779181
leetcode/3654,small,14808,True,False,False,592.8784450739622,True,primary/tasks/leetcode__3654/small_history/source_history.json,e6867d2aa10aceecea47909227db7ad9f262a4ca9906d15ff7798d9173155053
atcoder/abc371_b,source,1447,True,False,False,102.1720394124277,True,primary/tasks/atcoder__abc371_b/large_history/source_history.json,3b0d07f91606fcc7659136a88d5acb1400a714707fdf5bd72b37d4d0faa5260f
atcoder/abc371_b,small,1789,True,False,False,71.89006232377142,True,primary/tasks/atcoder__abc371_b/small_history/source_history.json,2c1334ea06cef1391d3dc58d77dc332958a1e2ab1dde15fc17307d72332927cd
atcoder/abc388_f,source,18265,True,False,False,1286.3669764711522,True,primary/tasks/atcoder__abc388_f/large_history/source_history.json,a13b2f8e8b9ca8b5ae5715afe25a771986c61bec59c1fbb191ffc28ad6659a7a
atcoder/abc388_f,small,14889,True,False,False,601.7169520659372,True,primary/tasks/atcoder__abc388_f/small_history/source_history.json,b8119cec0e36ebb413acfce2c9a66375a500a554508d74d3abe135129f414222
atcoder/arc195_a,source,17410,True,False,False,1242.1696264757775,True,primary/tasks/atcoder__arc195_a/large_history/source_history.json,3613da0bc84139cf60984fd45c748d03d56b6c1f0fcaaff5324c1452602c1205
atcoder/arc195_a,small,17689,True,False,False,703.6338497260585,True,primary/tasks/atcoder__arc195_a/small_history/source_history.json,305cddc75cff2878644f7f1dcb0953c5a0b2dcefad6f8500cafca6220abf16db
atcoder/arc194_e,source,21545,True,False,False,1532.4561778292991,True,primary/tasks/atcoder__arc194_e/large_history/source_history.json,f9cd8365b836f4c58d4bc0a56f5833e1f2624f782d36c25a7a8f2918afb6c6ce
atcoder/arc194_e,small,20218,True,False,False,814.0334876505658,True,primary/tasks/atcoder__arc194_e/small_history/source_history.json,f262e7cf380bcdfef1f277ddad56d72652d5623aec6cb7424ca580c47e768a07
leetcode/3485,source,6788,True,False,False,489.40059590293095,True,primary/tasks/leetcode__3485/large_history/source_history.json,ae46eacaa056a0f8f3876cfdb037a8381ef9b2c8085252d1f189e45031507cf3
leetcode/3485,small,7063,True,False,False,296.82822623103857,True,primary/tasks/leetcode__3485/small_history/source_history.json,4e8dac2076797f822fdd844bdf8bacd0afa0dbf4d8d75d484f4f9fbfc3825804
atcoder/abc375_e,source,9936,True,False,False,698.3011318510398,True,primary/tasks/atcoder__abc375_e/large_history/source_history.json,0aff1805465c20f59bc4c080bf17cf85c4420e8ac8275a727114b2f23e3e320d
atcoder/abc375_e,small,14303,True,False,False,578.751551787369,True,primary/tasks/atcoder__abc375_e/small_history/source_history.json,1b48479e19b8e40a7d82b77d214b7de5a83c6236bb0052535c403cc89f15771e
leetcode/3805,source,14518,True,False,False,1026.6437288294546,True,primary/tasks/leetcode__3805/large_history/source_history.json,00d2186bd257d1658ba8df6fe2c0d1f412d31bbcaa40ffd0d1878c8fb44d842f
leetcode/3805,small,14522,True,False,False,580.3020733259618,True,primary/tasks/leetcode__3805/small_history/source_history.json,d5030205c871f8d9edb92d96dacc3469a2985a73a39c29fdb3aa580b0744af8d
atcoder/arc183_b,source,22639,True,False,False,1604.9878310211934,True,primary/tasks/atcoder__arc183_b/large_history/source_history.json,e2c603df367e44993b4d8033070ac07d031bd144814a94579d17228546f8bb6c
atcoder/arc183_b,small,17200,True,False,False,692.3188238861039,True,primary/tasks/atcoder__arc183_b/small_history/source_history.json,ad8ddc7f038156be54d7e3f2ea132c6bb7272c4092788c569eb679088b392a85
leetcode/3548,source,12128,True,False,False,852.0807105451822,True,primary/tasks/leetcode__3548/large_history/source_history.json,7e56d4809751c8740fe11ba2257ba047f1e16675e532ee37f0d301c0028b6c17
leetcode/3548,small,19666,True,False,False,785.6563678272069,True,primary/tasks/leetcode__3548/small_history/source_history.json,5c96ae6a781a1b07b5a911611a66b1916dbdca670280cc51deea66b2ccef52de
atcoder/abc374_d,source,8055,True,False,False,469.74803406745195,True,primary/tasks/atcoder__abc374_d/large_history/source_history.json,2c025c39d666cb1210df8192cca34f2ea3881c18e04bd0b414d35c882604302a
atcoder/abc374_d,small,7565,True,False,False,249.34392545418814,True,primary/tasks/atcoder__abc374_d/small_history/source_history.json,315922b91aaf7e8570e220cb2d7fdbb809adb734d3501edd14cb53b58cd6a1c6
leetcode/3637,source,17787,True,False,False,1252.1207487490028,True,primary/tasks/leetcode__3637/large_history/source_history.json,0205ddab43c40bac192cceab37a2afb5a00a050569c060d134ee2b848dfb0f08
leetcode/3637,small,20748,True,False,False,833.5615624235943,True,primary/tasks/leetcode__3637/small_history/source_history.json,ea9bbade8e317a88984de2c3478b5d780f88832bf39c8098bde2bfbf94361932
atcoder/arc185_c,source,12948,True,False,False,908.1286371620372,True,primary/tasks/atcoder__arc185_c/large_history/source_history.json,fe83aa9d679c7bf85a8f526493d1846ad73a2817511bbba6ec8f079c2540e7bc
atcoder/arc185_c,small,16406,True,False,False,664.5073222853243,True,primary/tasks/atcoder__arc185_c/small_history/source_history.json,016c849739574821d5ba211e8ebf193fc050cd9d1eae6f768ba1053885a167e3
atcoder/abc390_d,source,11264,True,False,False,862.4710054164752,True,primary/tasks/atcoder__abc390_d/large_history/source_history.json,f0b30595d48cdaa0ccf1f2b7e0b73452476d4024f9bbea1d5f3a608ebf80bb58
atcoder/abc390_d,small,15558,True,False,False,623.1867125499994,True,primary/tasks/atcoder__abc390_d/small_history/source_history.json,1af0b23fe5c8fecbf35dd62f15792195f6f898be715e25258aa0d9d6616cbddd
leetcode/3692,source,21242,True,False,False,1501.5029114652425,True,primary/tasks/leetcode__3692/large_history/source_history.json,5da227549e086a81c20bf7c22d902150ac39c42150456b40403e5512fe80de30
leetcode/3692,small,22604,True,False,False,916.9730864102021,True,primary/tasks/leetcode__3692/small_history/source_history.json,28af78dc7b8c0748dd9479d386de99dd67b348669c50e12b70fd8ce21741f64d
leetcode/3608,source,17379,True,False,False,1234.1612814036198,True,primary/tasks/leetcode__3608/large_history/source_history.json,c648b25fed4972b0bae694b73ae8f67d1c95de702d6d4e1a74b13a94f53479fe
leetcode/3608,small,24576,False,True,False,995.9563371818513,True,primary/tasks/leetcode__3608/small_history/source_history.json,b3944345b745f0eb149a5cb2dbb1eb1c4f1fbbcd42e28772fec5102d3eeb14ef
atcoder/abc380_g,source,24576,False,True,False,1746.323094200343,True,primary/tasks/atcoder__abc380_g/large_history/source_history.json,f34a33b20865991859a79b1a241b61b9493082ce99669ae3fcacbe5ac56a739c
atcoder/abc380_g,small,24333,True,False,False,973.4802255220711,True,primary/tasks/atcoder__abc380_g/small_history/source_history.json,2a614c45e4693abba8ad9b3969e8022a41add622252a3ff500ac861a5a345eed
atcoder/abc399_b,source,4970,True,False,False,352.1042033340782,True,primary/tasks/atcoder__abc399_b/large_history/source_history.json,78be23814fdb17e2e0491d40006848b4fb3434f1252afc7ce7476065b194d5a8
atcoder/abc399_b,small,3926,True,False,False,160.0087117133662,True,primary/tasks/atcoder__abc399_b/small_history/source_history.json,ceca8957d3ba7b8075ffefa8c1008b0d96235b83fc7f193488ad1aac79d4f33d
atcoder/abc365_a,source,1654,True,False,False,116.23954101838171,True,primary/tasks/atcoder__abc365_a/large_history/source_history.json,af7e51a8007d3fde35c90166dfb3fb9211cee9ee5fb0b15feaac65d059f8fd2c
atcoder/abc365_a,small,1358,True,False,False,54.1926638437435,True,primary/tasks/atcoder__abc365_a/small_history/source_history.json,59fcc92c8a4dc8ccf06ec50581a48a989875c61a78da9d9a265dd3a695b7308d
atcoder/abc379_d,source,8076,True,False,False,570.9309547175653,True,primary/tasks/atcoder__abc379_d/large_history/source_history.json,bbb7519e3d7e4f8699b88b07d7433bd3d4b93b77d854134ebe95a42847cbbc38
atcoder/abc379_d,small,24576,False,True,False,988.660014490597,True,primary/tasks/atcoder__abc379_d/small_history/source_history.json,1e5a1276d03668a3dac68401fbd0da74583610bf5e2c1fd71b6a6a781a9205b7
atcoder/abc374_c,source,8786,True,False,False,617.7191902971826,True,primary/tasks/atcoder__abc374_c/large_history/source_history.json,a0e728359e5a1ed20c9a745ce6a80429d71d27e30963d35ea2784f2455fc74c0
atcoder/abc374_c,small,14833,True,False,False,597.9220440434292,True,primary/tasks/atcoder__abc374_c/small_history/source_history.json,4142b3dfeb4ca8053b17cfc6749ae414337c9c916ad30423bb803efe460978b3
atcoder/abc399_e,source,22326,True,False,False,1568.4361066771671,True,primary/tasks/atcoder__abc399_e/large_history/source_history.json,9b0d1f58af146908f57c4b1dc6e8be50c3ac884d0e520fcebd338fde6bd49cae
atcoder/abc399_e,small,20177,True,False,False,810.0696747861803,True,primary/tasks/atcoder__abc399_e/small_history/source_history.json,8368bacccca05e717b0e71abf02d3252ec3df32f3d2a5ef218b82c6c8021cbf8
leetcode/3777,source,18908,True,False,False,1342.6748973270878,True,primary/tasks/leetcode__3777/large_history/source_history.json,b9afef120c2fa8f5b32fcbc5e922561f80ae942d84abe9cee0a2bd503980651e
leetcode/3777,small,15512,True,False,False,620.8675681706518,True,primary/tasks/leetcode__3777/small_history/source_history.json,643342a9af1b5c9fb5d193027678c31453e55513c122cddb79a048a4d677f0c2
leetcode/3605,source,7378,True,False,False,530.7109791580588,True,primary/tasks/leetcode__3605/large_history/source_history.json,863d8700b3ce8f3addb1dc69dea4456bc556b9cfd10dd46315ae696d4300a9a9
leetcode/3605,small,24576,False,True,False,1014.3945420579985,True,primary/tasks/leetcode__3605/small_history/source_history.json,ba461340f40bbde2e381b68061d92515b4974bb5f02c140dc903e0640acae323
atcoder/arc192_b,source,17999,True,False,False,1270.9234180995263,True,primary/tasks/atcoder__arc192_b/large_history/source_history.json,d96695ab5561d0361e47e043201ccbfda82a0f83d2096aa81c29ff595bce023d
atcoder/arc192_b,small,11556,True,False,False,465.8210949720815,True,primary/tasks/atcoder__arc192_b/small_history/source_history.json,e2db71e41140929832b41e098f4d3730f6a73a7b07a4c64affd6a6edc0bd603b
atcoder/abc398_b,source,3601,True,False,False,252.5107574709691,True,primary/tasks/atcoder__abc398_b/large_history/source_history.json,1ba9365b46b9b544a143e38dd8c7a62be98df0871f33272fe67091254c638188
atcoder/abc398_b,small,8758,True,False,False,358.4498588098213,True,primary/tasks/atcoder__abc398_b/small_history/source_history.json,4a4f7551b6540bb6f31d3f393c97a8ccd7f2c39257705e5636a6300600d0bf34
atcoder/abc391_b,source,4881,True,False,False,343.0370898945257,True,primary/tasks/atcoder__abc391_b/large_history/source_history.json,c479ff6a070b0ba3bba65eb7876a825e556aab1de932ab23c0df703aa4144e98
atcoder/abc391_b,small,5252,True,False,False,212.3378412006423,True,primary/tasks/atcoder__abc391_b/small_history/source_history.json,0129822e71438e0ac10e55cbb6586e6c60c57ca1dff9b0625067c492a28e79d4
atcoder/abc371_c,source,7353,True,False,False,443.8849080228247,True,primary/tasks/atcoder__abc371_c/large_history/source_history.json,60becd13fa32dc9cba0487c9b2b386f92f8db0ababb4d10970c91dcf0ea6a8b3
atcoder/abc371_c,small,11262,True,False,False,382.0885909809731,True,primary/tasks/atcoder__abc371_c/small_history/source_history.json,82d1de191799eca7ca28ed76fb5d946e9e10881579d6d777464567087a9493c5
atcoder/abc393_a,source,1303,True,False,False,91.42877733102068,True,primary/tasks/atcoder__abc393_a/large_history/source_history.json,503cd79b355da8f8cd28b249efc16f4d389fef6c777738bb70510ecea63376c8
atcoder/abc393_a,small,2282,True,False,False,90.92105926945806,True,primary/tasks/atcoder__abc393_a/small_history/source_history.json,e9147119bcf5a86b0480865ff870eef6ac6dacf7302d529e7d7e49c4c85c8384
leetcode/3763,source,5490,True,False,False,388.04000227805227,True,primary/tasks/leetcode__3763/large_history/source_history.json,b234ec507e378e8665338fa5e4aafc9cbb2476d118ccd3185fabf57ed70d2ba0
leetcode/3763,small,6463,True,False,False,260.3865628922358,True,primary/tasks/leetcode__3763/small_history/source_history.json,7ae92abc078e13d455d591b054d7b2e26729068fbf3fe8a15b62f2bb8d25d3b7
atcoder/abc400_g,source,17144,True,False,False,1062.972523654811,True,primary/tasks/atcoder__abc400_g/large_history/source_history.json,9afcccf2cb35eba9321b1a758a18737db49ce3a38de6ca752e25f8b1c93b12e4
atcoder/abc400_g,small,15374,True,False,False,616.4538626400754,True,primary/tasks/atcoder__abc400_g/small_history/source_history.json,e18746b108aaf3767bfbda0a90acf7ee2c6e1d798f086aa5050fa0e4d7878ef5
leetcode/3502,source,4865,True,False,False,343.3885087626986,True,primary/tasks/leetcode__3502/large_history/source_history.json,1ee21713cbd7df193a404ac5d52a6510c6c813707f12c7cef394201d51c98653
leetcode/3502,small,10594,True,False,False,430.95423894468695,True,primary/tasks/leetcode__3502/small_history/source_history.json,40d0f6bc234f97fb78e2bcad526b6130d44a73e60d7bfc2dd5bf78cf31f64c10
atcoder/abc385_a,source,5439,True,False,False,383.56341147376224,True,primary/tasks/atcoder__abc385_a/large_history/source_history.json,ed22f90bce49edca657a191463bc787c7439436d09dc66fc43b72b344aff71e1
atcoder/abc385_a,small,9305,True,False,False,377.40795112401247,True,primary/tasks/atcoder__abc385_a/small_history/source_history.json,38e08ce15472f4cbc8bdaae5c69995d56652b33d9205e965f481fc915bed552a
atcoder/abc373_b,source,3441,True,False,False,240.9103918261826,True,primary/tasks/atcoder__abc373_b/large_history/source_history.json,d5d05e490f3e319fa5b690d995286bd3b4b5108427e115a831b61144f68a30d5
atcoder/abc373_b,small,1863,True,False,False,83.09774359129369,True,primary/tasks/atcoder__abc373_b/small_history/source_history.json,bb4ec6a51d1b92a4165b396c788e69bd4f244bc9dd4ceb132642abfc81487d77
leetcode/3518,source,14628,True,False,False,1030.936080898624,True,primary/tasks/leetcode__3518/large_history/source_history.json,7112e06db5e1a6dac3ffa2f69590b220565086aaee787e203ea445061f05eaab
leetcode/3518,small,6879,True,False,False,273.22544471081346,True,primary/tasks/leetcode__3518/small_history/source_history.json,99d9491bb1d628f34dc54cd273d00e0060642781e320cd8a413fe4cac3135cab
atcoder/abc377_b,source,3994,True,False,False,280.05507226474583,True,primary/tasks/atcoder__abc377_b/large_history/source_history.json,a424e72262d803ee1e168d7d99d1d0f1497b241e1ad3b1d10c2dd13ff63e2989
atcoder/abc377_b,small,5165,True,False,False,209.16926282271743,True,primary/tasks/atcoder__abc377_b/small_history/source_history.json,d82ddea2b37b8de779a64ff88c827e13759cc13d6863a19a0bcd03503799b34e
leetcode/3832,source,10301,True,False,False,731.6824448695406,True,primary/tasks/leetcode__3832/large_history/source_history.json,39e68af007fab8ecc8a080ba2f56ff1d7e15689cf32c0579f54c34573d8702d3
leetcode/3832,small,15489,True,False,False,620.1594660393894,True,primary/tasks/leetcode__3832/small_history/source_history.json,ee52e3e5bfbbb22e58cdd22dd6107e7b36f62f7e61274254994312b6254bc703
atcoder/abc391_e,source,12354,True,False,False,875.1216306062415,True,primary/tasks/atcoder__abc391_e/large_history/source_history.json,e78b3b72eb4ade9d598b65944d7d27cb0ad36bc2814497835876b557ec2b5026
atcoder/abc391_e,small,24576,False,True,False,981.8170501049608,True,primary/tasks/atcoder__abc391_e/small_history/source_history.json,47a9156084661a5ece230938b59308f5456045557a3584d00237a6ed5c685236
atcoder/abc368_c,source,8294,True,False,False,398.1996934367344,True,primary/tasks/atcoder__abc368_c/large_history/source_history.json,a81d2448821811f6c628094426e7e244f9f77e966d4b3535de9464b3711e2151
atcoder/abc368_c,small,11164,True,False,False,318.9792172741145,True,primary/tasks/atcoder__abc368_c/small_history/source_history.json,a0b5e2bf270b815f437326f5a363a1c373774e10736972063fdb19d3baaa4a2c
leetcode/3495,source,6891,True,False,False,331.4112952258438,True,primary/tasks/leetcode__3495/large_history/source_history.json,64d68ef6ca646406d5f2352a5166e641c73be269bf94ebb9800a3788673a0ce6
leetcode/3495,small,7939,True,False,False,227.05809340346605,True,primary/tasks/leetcode__3495/small_history/source_history.json,b932896e607f67c4954e2a3c115fa5e30be55d221e0790cc72509f88b9ca9fcd
leetcode/3789,source,17824,True,False,False,864.813610793557,True,primary/tasks/leetcode__3789/large_history/source_history.json,cb538774bc7e9a6068f7e078eeb96af1ad37ae51ac7b16e59a6ba9d6ab0e6b4e
leetcode/3789,small,20878,True,False,False,596.6028815009631,True,primary/tasks/leetcode__3789/small_history/source_history.json,09d32efe686c80ce3c08b1f728a667e8e7b118fa2589827cef496895a460c4ce
atcoder/arc185_b,source,16715,True,False,False,801.3596770009026,True,primary/tasks/atcoder__arc185_b/large_history/source_history.json,a42de59bea90d9ddcf19e46748347356a0d9dcb2945702ecbdeb31961894c4eb
atcoder/arc185_b,small,24576,False,True,False,703.9523399109021,True,primary/tasks/atcoder__arc185_b/small_history/source_history.json,abe4337f6018fb783fd337c6f57eaea3f533a3b125029dc2dfe48c298bf9bfe5
leetcode/3736,source,4896,True,False,False,249.19209630414844,True,primary/tasks/leetcode__3736/large_history/source_history.json,15da95c03ccf95b23581e781c3a31462ca135d2fdc9734633d13e399aa61b28d
leetcode/3736,small,3603,True,False,False,107.7725682859309,True,primary/tasks/leetcode__3736/small_history/source_history.json,b891b476b11e82be8c2059569769e64e84ace04de2cc1543d744a441b1fab23f
atcoder/abc370_f,source,21877,True,False,False,1096.5810259035788,True,primary/tasks/atcoder__abc370_f/large_history/source_history.json,8b3338efd23014cddd80008d34046812d750516f0c4f3e293b374efab2fb5312
atcoder/abc370_f,small,24576,False,True,False,707.3092323532328,True,primary/tasks/atcoder__abc370_f/small_history/source_history.json,dba1076e0b3fee55f3b5f79aeb737915866c4e32315f27687a0bde9621c0f975
atcoder/arc188_d,source,21156,True,False,False,1486.5727797364816,True,primary/tasks/atcoder__arc188_d/large_history/source_history.json,ddffaf79ea4c83e02077902bf8423694343394b7fab14fac11bebf435b679239
atcoder/arc188_d,small,16942,True,False,False,682.1713620573282,True,primary/tasks/atcoder__arc188_d/small_history/source_history.json,bbfe4d56f440f8d0ec0ea3a3cd3fc0f69ba5c3858b330833db85393f754adc02
leetcode/3788,source,20773,True,False,False,1005.364208328072,True,primary/tasks/leetcode__3788/large_history/source_history.json,450d6ca3048721f5df4688e366c3fb7228586b0e15bdbd0d72c4fdf705af08fe
leetcode/3788,small,11290,True,False,False,330.1158472709358,True,primary/tasks/leetcode__3788/small_history/source_history.json,958b4da440da79f4294fd5238ea2b8a99072ca3fc68f4d9a032c162f4385b778
atcoder/abc393_b,source,7000,True,False,False,335.93932506162673,True,primary/tasks/atcoder__abc393_b/large_history/source_history.json,d3a778e44ee5acd948eba2068e4f6ed3eb7069b26f78629fbdbec938bfd56c1e
atcoder/abc393_b,small,3500,True,False,False,107.29850062401965,True,primary/tasks/atcoder__abc393_b/small_history/source_history.json,40cf612862e4c33eb0747409e415fca69f15b2f28c5351e754ca4cc4635673d7
leetcode/3682,source,10272,True,False,False,492.150637390092,True,primary/tasks/leetcode__3682/large_history/source_history.json,4fa6717840a1e209742b69d558557672b0d1dbf6ff5ad92212bd51eaf6096696
leetcode/3682,small,8565,True,False,False,254.04890468996018,True,primary/tasks/leetcode__3682/small_history/source_history.json,3c3a6ee3c24cc22ac6c2c1da7dc1a872894944cc27adf3c1932be6fcb170c44e
leetcode/3744,source,11090,True,False,False,529.5935178166255,True,primary/tasks/leetcode__3744/large_history/source_history.json,4b50ef5c8d6b1a6c52638cce0742e7c49ed176a61b5fca98cd235b1504854ba9
leetcode/3744,small,9892,True,False,False,280.7767012719996,True,primary/tasks/leetcode__3744/small_history/source_history.json,46ab4802a4edcc6b17034b5c9695f7a737de84eba5b2fc79add37557df6514fd
atcoder/abc398_g,source,13268,True,False,False,637.8733113580383,True,primary/tasks/atcoder__abc398_g/large_history/source_history.json,0b44b5cece5b9d80a157525f586f8500421219f2209c7aa2cf570666f902dc27
atcoder/abc398_g,small,19376,True,False,False,556.3920703181066,True,primary/tasks/atcoder__abc398_g/small_history/source_history.json,9d2fb160b00dedb52befd65f38c5f9ca69ebe33a9e1086d311bd29994b385337
atcoder/abc398_d,source,14146,True,False,False,683.7765647498891,True,primary/tasks/atcoder__abc398_d/large_history/source_history.json,91ac570972e7414846a78c7d6af7ef482df918f08d98d8607dc35c860d10c90c
atcoder/abc398_d,small,24287,True,False,False,698.3842701571994,True,primary/tasks/atcoder__abc398_d/small_history/source_history.json,6eded518c45b212cc0fdc21152fa61dcb3e39d2a0e6117dd2274026106ff75d2
atcoder/arc181_a,source,21348,True,False,False,1024.9232910745777,True,primary/tasks/atcoder__arc181_a/large_history/source_history.json,560ebd41cc5e6eb5fef8bcffd5923c0f883c5d30080dc825dc608da7e89a4999
atcoder/arc181_a,small,24576,False,True,False,699.0048488359898,True,primary/tasks/atcoder__arc181_a/small_history/source_history.json,5362dd0d693da5576e44786f1f4576319055db790d600a8d27d25b6e0052e224
atcoder/abc374_b,source,1978,True,False,False,97.47722460282966,True,primary/tasks/atcoder__abc374_b/large_history/source_history.json,05a9a71ea60067a4c6c9da3a6fabe3ac341ccb888893677de7d723758c1c0172
atcoder/abc374_b,small,5732,True,False,False,167.65617139358073,True,primary/tasks/atcoder__abc374_b/small_history/source_history.json,6e4d7d356549d874a9b13d1874e81ec1b1cfe2c389297617dd84abbd19669c89
atcoder/abc372_g,source,23003,True,False,False,1148.3788723889738,True,primary/tasks/atcoder__abc372_g/large_history/source_history.json,fc1d366efabfb46a286f00d96cc48c76a3d2daa1c3f7e2e693e2529fb271433a
atcoder/abc372_g,small,24576,False,True,False,700.4739216482267,True,primary/tasks/atcoder__abc372_g/small_history/source_history.json,85d96ad726bdf7ce0fbefb705e0cf0f9035f27f2b1d0e864ccc0eb0eb8b797d4
atcoder/arc194_d,source,24576,False,True,False,1184.4365803077817,True,primary/tasks/atcoder__arc194_d/large_history/source_history.json,3a9e55881c065bf699716386de1b4b9698e9d3c05e97d3abd5679e2d43f6e73e
atcoder/arc194_d,small,22525,True,False,False,670.5637368937023,True,primary/tasks/atcoder__arc194_d/small_history/source_history.json,0a6fa596aaaf0b4a76f7fa1f4ad9188263eaaabf0f0e1aa6f467a5949b9d4ccf
leetcode/3751,source,8789,True,False,False,455.35716294683516,True,primary/tasks/leetcode__3751/large_history/source_history.json,a1ccb18775ed3611177e47b9291a7703e81b8aa13e93b2b7424890094cda505e
leetcode/3751,small,17616,True,False,False,525.7526314910501,True,primary/tasks/leetcode__3751/small_history/source_history.json,5f777b4f92d69f07924940d5d2a80bc7e8bc1c67a03907b6f859f00dcaea2de0
atcoder/arc193_a,source,23120,True,False,False,1304.9689714498818,True,primary/tasks/atcoder__arc193_a/large_history/source_history.json,75c9f6d1da88e8b069d953337a4b7a1833505c8d7b1a79ea7cfc6c30b6118d01
atcoder/arc193_a,small,21879,True,False,False,874.633682185784,True,primary/tasks/atcoder__arc193_a/small_history/source_history.json,4e60c3749394d7fc1964b0886520ca6e2effdafb3706f78c08d64dc584d98e7c
atcoder/abc377_d,source,16853,True,False,False,812.4159166649915,True,primary/tasks/atcoder__abc377_d/large_history/source_history.json,fe51632781954582ce458c183587725eb11c098bac2e6b122a58505653c5d385
atcoder/abc377_d,small,10188,True,False,False,299.04751963634044,True,primary/tasks/atcoder__abc377_d/small_history/source_history.json,7ea693560ea58ed9cd69dfeebd1553cd562d56f9fb7d98d5bffdd962b8ed2c42
atcoder/abc377_a,source,753,True,False,False,39.51415544655174,True,primary/tasks/atcoder__abc377_a/large_history/source_history.json,08459fb27bad44eeda3cd89f6c2eceef6d4021e68fb39573ef4e005b49310936
atcoder/abc377_a,small,932,True,False,False,27.81450836872682,True,primary/tasks/atcoder__abc377_a/small_history/source_history.json,7aa82c76ea33c0776ec16d9b66c65acb08fef1db7df79512ea0c0fc7ad01f0bf
atcoder/abc393_f,source,8837,True,False,False,427.42114828620106,True,primary/tasks/atcoder__abc393_f/large_history/source_history.json,72ad52670bb8bf2c456098c37676723679089474bfb4c68d314907deab9b2b38
atcoder/abc393_f,small,17042,True,False,False,484.64764370257035,True,primary/tasks/atcoder__abc393_f/small_history/source_history.json,1625a1a183374da7fb8708e414727a3b2b60955994697992f06109190bf0a470
atcoder/abc390_e,source,11333,True,False,False,555.2280026921071,True,primary/tasks/atcoder__abc390_e/large_history/source_history.json,8615ed3ed3f856229ba050e9511f8fb24cdffce78b4f528aedca15fba26e44ba
atcoder/abc390_e,small,20276,True,False,False,581.3339681765065,True,primary/tasks/atcoder__abc390_e/small_history/source_history.json,4d0acbe749a0e73c6c98800abdb3585eaa31f299071335944201e071b6e8cef6
atcoder/abc394_g,source,15800,True,False,False,923.1892111059278,True,primary/tasks/atcoder__abc394_g/large_history/source_history.json,2002efd6d3e70674470433dc087412ef6abfb4b8a3748389fcbf5d33faccd2bf
atcoder/abc394_g,small,16996,True,False,False,572.0296796620823,True,primary/tasks/atcoder__abc394_g/small_history/source_history.json,c3b240a8b713e49a32cf48f738d8151247e2aae1568732e5575414e128761a5b
atcoder/abc398_a,source,2755,True,False,False,142.67602589679882,True,primary/tasks/atcoder__abc398_a/large_history/source_history.json,2f60d7f3cdff5103368566d3bc35f2fbab50d12a21590d1558e2bfcd72be2b26
atcoder/abc398_a,small,13565,True,False,False,404.40629163198173,True,primary/tasks/atcoder__abc398_a/small_history/source_history.json,ec9fee47740824bcf3995adb7a7c1768ccd0a84a3f04bf4e6d7f2681e9e35d3d
leetcode/3811,source,1497,True,False,False,75.30287994723767,True,primary/tasks/leetcode__3811/large_history/source_history.json,ec73c6e1b31d38b606e23a3972476aeee8b1fa382e2e7b4b02bfcbcd23b30041
leetcode/3811,small,1507,True,False,False,48.82005008729175,True,primary/tasks/leetcode__3811/small_history/source_history.json,7acea92124916419f75814635c32f0ef7d269e8dce7f89821ff155a16aa91538
atcoder/abc368_g,source,12279,True,False,False,586.4240074097179,True,primary/tasks/atcoder__abc368_g/large_history/source_history.json,5e602bee261c503165b025d0a457b93f06581851bffd16d3e9b03d9826c2afda
atcoder/abc368_g,small,22708,True,False,False,657.6164820999838,True,primary/tasks/atcoder__abc368_g/small_history/source_history.json,38b7c2f67cee67fe5893f0e95473b28be23475b35b1ac1332547218fa02c10de
atcoder/abc366_d,source,9204,True,False,False,526.9405037579127,True,primary/tasks/atcoder__abc366_d/large_history/source_history.json,5c7df72a071dfd2b76d0cc88b71c1a36150f4cecd74302d6f6818d1486ab6a5f
atcoder/abc366_d,small,10981,True,False,False,363.93778673699126,True,primary/tasks/atcoder__abc366_d/small_history/source_history.json,3813f9ad71ee1c640c2d4e02a5669d9cad4e237b1f20782bfef0f6b4f3ec2620
atcoder/arc188_a,source,18687,True,False,False,897.9717499529943,True,primary/tasks/atcoder__arc188_a/large_history/source_history.json,18ab7412eeb5eb3b491cdee0fd2ad617c6bab5f9eee50aabc6fe026d9b3951f2
atcoder/arc188_a,small,22995,True,False,False,664.1838325001299,True,primary/tasks/atcoder__arc188_a/small_history/source_history.json,597a8e487e71669d94091f006c0a9115a723ac3344d4ed8f2d0905dd63725f1a
leetcode/3543,source,3236,True,False,False,182.94308658293448,True,primary/tasks/leetcode__3543/large_history/source_history.json,f0e76798d76c558618ba15f602955872254c104a9d57f68c63213744e963000e
leetcode/3543,small,2855,True,False,False,96.25239324755967,True,primary/tasks/leetcode__3543/small_history/source_history.json,e209d93b42f73d25a67eb644f0a36996fb2ad0a276ba717bc0e9d6727edb34fd
atcoder/abc388_e,source,5486,True,False,False,318.30386378616095,True,primary/tasks/atcoder__abc388_e/large_history/source_history.json,a9df38c2ebab276bcf25a4b8a193098cba6f541ed6a4f95aeac64caa257c8228
atcoder/abc388_e,small,23442,True,False,False,767.7637414378114,True,primary/tasks/atcoder__abc388_e/small_history/source_history.json,276814ecd3e1f7d7755d6cb90b9c2a0a0705c3ea0181c9a348cfe684b1d11e1b
atcoder/arc187_b,source,17418,True,False,False,1037.0705579509959,True,primary/tasks/atcoder__arc187_b/large_history/source_history.json,f9dfb04a7ed10587359ca65f50f2054a24f0078af25ce0b594edc69924b177c5
atcoder/arc187_b,small,22521,True,False,False,738.3552581698168,True,primary/tasks/atcoder__arc187_b/small_history/source_history.json,47f5f3b74d076867667d3b2b3907bede6bf3b258c16c7904689a7b353cd8d680
leetcode/3649,source,4254,True,False,False,242.2245677500032,True,primary/tasks/leetcode__3649/large_history/source_history.json,b5e6b8727fa1eac1ea717832e5b2f3b71fa2003c4f13247ad7be4b6b53e73a90
leetcode/3649,small,5187,True,False,False,171.01407588925213,True,primary/tasks/leetcode__3649/small_history/source_history.json,027ea0cb4c0bf0ce516f9a9ac78df08b4837846b1e17409980a6cf3cc71cb413
atcoder/abc375_a,source,1868,True,False,False,111.22432848578319,True,primary/tasks/atcoder__abc375_a/large_history/source_history.json,259861cfcb603fbd4b13a7495ed4555243771aa2ac601fd0d40e212b84ded7b2
atcoder/abc375_a,small,2048,True,False,False,67.17906676698476,True,primary/tasks/atcoder__abc375_a/small_history/source_history.json,542aed5d9ea34fa0896127f1d343557f5a9946f593e73c176fe4355c77cce4fb
atcoder/arc188_c,source,17946,True,False,False,1048.2131203548051,True,primary/tasks/atcoder__arc188_c/large_history/source_history.json,75c78e4ec3ecd99d0c7d2cbdc27728ef9918f12bf671373e0042ee333048fbbd
atcoder/arc188_c,small,24576,False,True,False,834.036241018679,True,primary/tasks/atcoder__arc188_c/small_history/source_history.json,cf15be747f911c7c74f380727d154cf83032e664acc6e11a381027f492af3ef5
leetcode/3785,source,6855,True,False,False,386.3048631150741,True,primary/tasks/leetcode__3785/large_history/source_history.json,503b4bb522f0332172b5ebdc899e256ed8e86dc2924d659377032bbe41560317
leetcode/3785,small,6822,True,False,False,227.06235545803793,True,primary/tasks/leetcode__3785/small_history/source_history.json,407121b6feae0dd9a90e8347c5690a2a6e2eb1db1802948465e5995d095e6b80
atcoder/abc385_f,source,24576,False,True,False,1416.0613235649653,True,primary/tasks/atcoder__abc385_f/large_history/source_history.json,cc4448f62942245d79bc97eda1d86e4c55c74147697f778edeb547982a69b680
atcoder/abc385_f,small,23003,True,False,False,912.4318323563784,True,primary/tasks/atcoder__abc385_f/small_history/source_history.json,2465e65adb36fd44dd2848adc01a29bfb21cf0ac6c254cdac8d3fc4b47726c4b
atcoder/arc189_b,source,15278,True,False,False,865.1723098531365,True,primary/tasks/atcoder__arc189_b/large_history/source_history.json,a5cc2f27f3d870830ae43501a160d86ffc292f9fbf9d345821c6db80b7cd62fb
atcoder/arc189_b,small,24570,True,False,False,1070.7599380351603,True,primary/tasks/atcoder__arc189_b/small_history/source_history.json,a3f4f7d1ed222862cf1191eeaef470cb9922f83bcdf399c50c8c885a29f1f785
leetcode/3784,source,13842,True,False,False,785.5090619849507,True,primary/tasks/leetcode__3784/large_history/source_history.json,fc753d330de54a5f50b6d3277e0ccec99cb0e17c5ea9b4e3195e333e7317b4ca
leetcode/3784,small,17454,True,False,False,751.0495912060142,True,primary/tasks/leetcode__3784/small_history/source_history.json,6e30fbae7ea625d2d36c6d584c8972d997ed7a310d1506f50e408cede2c5508c
leetcode/3709,source,13446,True,False,False,768.7112316389102,True,primary/tasks/leetcode__3709/large_history/source_history.json,dad05ceebed5f81fff669bfafd248125031db95b1002daa8d16a172b1e4ea963
leetcode/3709,small,5464,True,False,False,244.21329930983484,True,primary/tasks/leetcode__3709/small_history/source_history.json,078fcd66f0b8fb6945d67bc476f1b2c085e7be6bc16d17ab2eb5f1a83f95841f
leetcode/3656,source,5502,True,False,False,311.754952340154,True,primary/tasks/leetcode__3656/large_history/source_history.json,dceafebe4707c1df9a1f5df3c64258bfc6a2e9a022cdcf4d5e2a49712cfd0d08
leetcode/3656,small,4940,True,False,False,161.03253882587887,True,primary/tasks/leetcode__3656/small_history/source_history.json,cc1f1782f89cdae2fa65347840e1a122c27d4d20291be94ab2755834d7f419c5
atcoder/arc196_c,source,23966,True,False,False,1340.9698628520127,True,primary/tasks/atcoder__arc196_c/large_history/source_history.json,323ce1cd259445e475fb3664c66a55770e28c650d08aca6c3baf77962fc6e2c0
atcoder/arc196_c,small,20918,True,False,False,876.3586279023439,True,primary/tasks/atcoder__arc196_c/small_history/source_history.json,e6a00819c7be48b4dbb85a87b77bc6d1da8f579ebbaa513ac4b8410c7d372693
atcoder/abc373_c,source,1436,True,False,False,83.09541136911139,True,primary/tasks/atcoder__abc373_c/large_history/source_history.json,2566a590aff70481543350bfef57b0c85b008d586a41a3f7dba28d8332a11995
atcoder/abc373_c,small,1040,True,False,False,34.1064707362093,True,primary/tasks/atcoder__abc373_c/small_history/source_history.json,adf50180f09b15ef8c9d871046697949c9d394356b48f64f9299ca174fe72591
atcoder/abc379_c,source,7853,True,False,False,454.6117885548156,True,primary/tasks/atcoder__abc379_c/large_history/source_history.json,b28d5643e6ae62e9c0e51b077528dd4894661e403f1124cb6ca0053215357017
atcoder/abc379_c,small,24576,False,True,False,804.4604522178415,True,primary/tasks/atcoder__abc379_c/small_history/source_history.json,b858b5cb1f400936a861095c798ea3d017e314c3b0f30c7025928211771d57cc
atcoder/abc396_f,source,24576,False,True,False,1390.6838053481188,True,primary/tasks/atcoder__abc396_f/large_history/source_history.json,2ea8aa263415474c69dd4cf39024d67e979454a9b60dcffe116d4b6a19b597e0
atcoder/abc396_f,small,24576,False,True,False,797.0721242260188,True,primary/tasks/atcoder__abc396_f/small_history/source_history.json,c8394438eec2d14b73df9bad0898d6c2352b1dae5cf4e5a4c867910332836ea4
leetcode/3627,source,6984,True,False,False,403.3191333771683,True,primary/tasks/leetcode__3627/large_history/source_history.json,702f75adf0ebfe41cf0cbd97fcdc4a7a1e4923322b6d8a142e623e046e91dcc8
leetcode/3627,small,7920,True,False,False,258.11370283016004,True,primary/tasks/leetcode__3627/small_history/source_history.json,4075194b3f937cc1a4aee5adb3ba72bacb3be5b6588e1e5c6a1aa68e51d9b862
atcoder/arc189_c,source,24576,False,True,False,1458.7864029658958,True,primary/tasks/atcoder__arc189_c/large_history/source_history.json,f7207714dcce90aae28bae9738a78e24a9d62b082386b32144945135e9509eb2
atcoder/arc189_c,small,19199,True,False,False,630.5912476992235,True,primary/tasks/atcoder__arc189_c/small_history/source_history.json,bf679b21227550a22457ea7b35843c44b26d4287901928d83b7b19a8c22cfc13
atcoder/abc381_e,source,19094,True,False,False,1078.578802504111,True,primary/tasks/atcoder__abc381_e/large_history/source_history.json,bbbed4f5f48f9355d801afad2467a7b01f1b52cc6269055a6a0b41621da4b923
atcoder/abc381_e,small,15156,True,False,False,653.2670689485967,True,primary/tasks/atcoder__abc381_e/small_history/source_history.json,e1bdedfdaaf3f25a1e29102512744cefc26a7719d505ecdb52a2c9ca32a22f52
atcoder/abc386_e,source,2921,True,False,False,174.61847419315018,True,primary/tasks/atcoder__abc386_e/large_history/source_history.json,54feb946d950d66ec0fe7a7175c125362c5aaa78c25333bcaf2fec50c76bd636
atcoder/abc386_e,small,6027,True,False,False,258.0057193338871,True,primary/tasks/atcoder__abc386_e/small_history/source_history.json,83a65807949a3a09482b39add1ef3a9039e9cec81b95ea5222a339bf59f4f117
leetcode/3535,source,9335,True,False,False,542.704868952278,True,primary/tasks/leetcode__3535/large_history/source_history.json,ed42448f145dcf77b34ad4dccd8f3c0c10b52136e83d884662f48fd775a78129
leetcode/3535,small,11052,True,False,False,368.0595476629678,True,primary/tasks/leetcode__3535/small_history/source_history.json,0493400ecab79017ccd99d7363c3ab12c06f66da7eb3d99187d94997f75eec69
leetcode/3552,source,11650,True,False,False,693.9024077630602,True,primary/tasks/leetcode__3552/large_history/source_history.json,d66d7820dabf8d9026a5c104b09901423bf0eb9c04b968d6d4a5cb06f3148582
leetcode/3552,small,13401,True,False,False,448.71481753280386,True,primary/tasks/leetcode__3552/small_history/source_history.json,59b8c7e696c0d8564409e7e23e3ea8b000c766875921feb5ca8953234ce01522
leetcode/3527,source,19073,True,False,False,1133.0161645328626,True,primary/tasks/leetcode__3527/large_history/source_history.json,625849d0e1866f772e5da2eb5a2864ad3c9dfc71f4d9abe56be6239ea37b11a2
leetcode/3527,small,20580,True,False,False,684.4306588340551,True,primary/tasks/leetcode__3527/small_history/source_history.json,db7b42e7ab44444e849b955ae219667f31c165f15c76a1d68afcec2e35da3504
atcoder/abc373_a,source,1908,True,False,False,113.06925788195804,True,primary/tasks/atcoder__abc373_a/large_history/source_history.json,4f0c1b3658b6c45fc0d47cc5d1b251fb0826a11023050840a97e8e04e3c880a8
atcoder/abc373_a,small,2974,True,False,False,81.25027098506689,True,primary/tasks/atcoder__abc373_a/small_history/source_history.json,dab0a32da3e50c5a0e15f9462bb417d21c61f06c26278f94475255d78e10f9e5
leetcode/3588,source,11576,True,False,False,688.5474703598302,True,primary/tasks/leetcode__3588/large_history/source_history.json,5582f5f386f7b1ac13e43bf0670fc85bb9ef514c2aa82eefbb8fdfc46ced3530
leetcode/3588,small,12550,True,False,False,552.156238347292,True,primary/tasks/leetcode__3588/small_history/source_history.json,6cc0cf17b15b5ca07bcb3aac1180afb54134254c0955cd0ba3d650f3c3668e54
atcoder/abc378_g,source,24576,False,True,False,1425.125036443118,True,primary/tasks/atcoder__abc378_g/large_history/source_history.json,78d2d26abb507d277bc509b8f21939087b41f760d968eb7652e3554dff8f1c53
atcoder/abc378_g,small,13717,True,False,False,447.8597483569756,True,primary/tasks/atcoder__abc378_g/small_history/source_history.json,d28e090fabe7685b5ec7a5849fdc3539221d692da2154a8a90a73c2d9e6761aa
atcoder/abc366_c,source,5631,True,False,False,316.0950348540209,True,primary/tasks/atcoder__abc366_c/large_history/source_history.json,92245699d3cfdfecb3016966b3754e0a114eeb0b9297cbabf47043f60055937b
atcoder/abc366_c,small,5847,True,False,False,250.95002730190754,True,primary/tasks/atcoder__abc366_c/small_history/source_history.json,f536de369edd110d0acc018b090b686812bc77d134da4de58014965d6901fbf9
leetcode/3701,source,20961,True,False,False,1216.1819805640262,True,primary/tasks/leetcode__3701/large_history/source_history.json,51a741adaac0ec612ba99c519fda38cf0895c3281fed750b4288ac6223107036
leetcode/3701,small,23177,True,False,False,759.5311272079125,True,primary/tasks/leetcode__3701/small_history/source_history.json,e4f7ce9dada965a1ec308cb41a42a8885685baf6dc2573b9713dd77e2ac54a31
atcoder/abc377_c,source,5688,True,False,False,319.7413351791911,True,primary/tasks/atcoder__abc377_c/large_history/source_history.json,df9bebbaaad85c72cf9076658e5a4c20d34f90c39c10e1cf6835bb03e468e1aa
atcoder/abc377_c,small,6301,True,False,False,207.52221690793522,True,primary/tasks/atcoder__abc377_c/small_history/source_history.json,22aa9da14984f80f74e145ac118d70a9c06d4b667b152e3ab977f884a8ab6b6f
leetcode/3778,source,1300,True,False,False,75.27971190400422,True,primary/tasks/leetcode__3778/large_history/source_history.json,5881d0ac0bf8a2e26b43f539f1f4039b84c19a0ae7630720d6a2eb460ec8be26
leetcode/3778,small,1467,True,False,False,47.847140518948436,True,primary/tasks/leetcode__3778/small_history/source_history.json,39c61b4e5ae9c8e85eb7022b8a3100de460265c67f4ca6e61cc036e96d0ec4b2
atcoder/abc396_c,source,8934,True,False,False,532.0963565979619,True,primary/tasks/atcoder__abc396_c/large_history/source_history.json,c9e613ff7d811be3e69b2faeb7f9504367b579910cef438159810504c6ecddfa
atcoder/abc396_c,small,11566,True,False,False,378.8280591808725,True,primary/tasks/atcoder__abc396_c/small_history/source_history.json,7658c1fc4a023cd6ff21cd933e5a56f48b6c03d528b95bc3ec22f1e204b71ab0
leetcode/3764,source,8141,True,False,False,472.7858238411136,True,primary/tasks/leetcode__3764/large_history/source_history.json,f1f0b16d98496c485f41fc476b778efdd55e28fb071fde96de4ccd3006dc5f3b
leetcode/3764,small,4998,True,False,False,163.96519534592517,True,primary/tasks/leetcode__3764/small_history/source_history.json,b23987559a0c336ef8810a36c99635edb8ce9d9913e624d76cf5feedbb82efbb
leetcode/3754,source,19997,True,False,False,1159.7278172769584,True,primary/tasks/leetcode__3754/large_history/source_history.json,72d7a4b5683889ccc68853003667a8a2ccb7d03ee7fd62d3c95486e72fc98155
leetcode/3754,small,14346,True,False,False,465.0315410399344,True,primary/tasks/leetcode__3754/small_history/source_history.json,d728e114d3fea8070d3f457027e1903e5926a52f7490d7fbed6d177d2a5f69fa
leetcode/3794,source,22102,True,False,False,1247.5387087999843,True,primary/tasks/leetcode__3794/large_history/source_history.json,654c1ef41056ddc918801ee1cbf2aeba1c771a1efc9689b898f2dfe1c99a59ea
leetcode/3794,small,23275,True,False,False,757.9237584981602,True,primary/tasks/leetcode__3794/small_history/source_history.json,5a3ecbefbf598d4b0d81329a08db767513825d4504e6ea30fe5a92c7bd62822f
atcoder/abc387_a,source,730,True,False,False,42.65052749984898,True,primary/tasks/atcoder__abc387_a/large_history/source_history.json,13cd6636b46870faf3c52894b989739bbcff8263608dbddd153e5c7155ee750a
atcoder/abc387_a,small,732,True,False,False,24.032283407170326,True,primary/tasks/atcoder__abc387_a/small_history/source_history.json,d4337837078eb602d389abf863b693236bd2ca7c67b24a3f97f2be9d48702e46
atcoder/abc369_a,source,3992,True,False,False,237.3791982268449,True,primary/tasks/atcoder__abc369_a/large_history/source_history.json,e94900da80fb80d598c32df588229a3c054d747414ef18e10b75898d55b7beac
atcoder/abc369_a,small,4311,True,False,False,135.9382544811815,True,primary/tasks/atcoder__abc369_a/small_history/source_history.json,2e3898bc3204a3c38df1d9347967c995663c2e065e76ce068c79c772ecad76ca
leetcode/3532,source,17477,True,False,False,984.2860277660657,True,primary/tasks/leetcode__3532/large_history/source_history.json,74a80777453d56dc32a4acbe0e81fe5f2b3a72638f68c09eb23ce8e691767579
leetcode/3532,small,17422,True,False,False,568.3332884050906,True,primary/tasks/leetcode__3532/small_history/source_history.json,e7b6e208da3f626c2e78f68077a343ab3275ba973331f1169b284d403b308f4a
leetcode/3793,source,8395,True,False,False,486.6786843512673,True,primary/tasks/leetcode__3793/large_history/source_history.json,c46654cbc0dc7d0e5a9b637768f1e31768fbf50ba178f499ef72e475f1195d7f
leetcode/3793,small,9655,True,False,False,315.0307563939132,True,primary/tasks/leetcode__3793/small_history/source_history.json,f372d1183427f30093f2bbf7a8c83f4f107f60ec0411198ffdcfaf99286d41d8
leetcode/3781,source,14401,True,False,False,854.9807589051779,True,primary/tasks/leetcode__3781/large_history/source_history.json,7cc5f4e8fef4e56e77f5340878b7380c231ea291310ce2a6f7ab05c1f4f3cdd5
leetcode/3781,small,13260,True,False,False,548.4379309806973,True,primary/tasks/leetcode__3781/small_history/source_history.json,257a0e0e5572ab7c481850239e1dbef2012f19898a42226ad8a921d67b945f48
atcoder/abc387_c,source,22223,True,False,False,1314.7994556780905,True,primary/tasks/atcoder__abc387_c/large_history/source_history.json,85228f5d985034774b415f96898fe69d747c04e6d32c665aeefd5ca61d7ba69d
atcoder/abc387_c,small,16128,True,False,False,536.4988947808743,True,primary/tasks/atcoder__abc387_c/small_history/source_history.json,d22045e15413e29e644bf68a40524c5eb13e5c03c80baee224e34f291e766108
atcoder/arc183_c,source,24576,False,True,False,1459.0176546839066,True,primary/tasks/atcoder__arc183_c/large_history/source_history.json,962848d8c2d0a51f41d9533991fe203ecdb99b09cd11faa7bbc720006d40126e
atcoder/arc183_c,small,16275,True,False,False,510.4041087627411,True,primary/tasks/atcoder__arc183_c/small_history/source_history.json,c85e05151aa6f4a44ada29238eebe643d0c999e201ea3005654757b170af558e
atcoder/abc382_b,source,2297,True,False,False,129.8158319350332,True,primary/tasks/atcoder__abc382_b/large_history/source_history.json,f7dd131cfc9067df922d89b8326fb73c9d4b5b3e5dc0763223ac68d528481d88
atcoder/abc382_b,small,4913,True,False,False,160.14338966808282,True,primary/tasks/atcoder__abc382_b/small_history/source_history.json,be641ed834851cc43863bfab158f5b68b55f7ab06cbee537e9be46a42fca98c0
leetcode/3773,source,5157,True,False,False,384.53495200909674,True,primary/tasks/leetcode__3773/large_history/source_history.json,b0013c940566db96b1c7f41328e1f9450289b3f89b3281b44990d8682d1e776f
leetcode/3773,small,5066,True,False,False,168.34111551195383,True,primary/tasks/leetcode__3773/small_history/source_history.json,fa8eb35f32cafab1970f667bfcf13d5e00d73a151ee941031ba9527782dcd7f1
leetcode/3522,source,5371,True,False,False,319.9072446168866,True,primary/tasks/leetcode__3522/large_history/source_history.json,b6f6ec1856a8b9eaefa3a9cb3630a11513973e34892c55d500cd03b39923b5e3
leetcode/3522,small,2927,True,False,False,132.05247039720416,True,primary/tasks/leetcode__3522/small_history/source_history.json,f30eea99e11b32bd909d11f02e241a556d2029b38295ef951cea7018265250b3
leetcode/3687,source,22354,True,False,False,1332.7306576871779,True,primary/tasks/leetcode__3687/large_history/source_history.json,f83fc2f7bc402098abfd61cf16e199ea6f263d5e0587eef829e9336764202856
leetcode/3687,small,24576,False,True,False,1060.114288797602,True,primary/tasks/leetcode__3687/small_history/source_history.json,07e8e6fb1eb31aa118b02887ee9b7c8c9c0a9109a5bd14d9a237c9a0557f85d0
atcoder/abc391_a,source,766,True,False,False,43.36960220918991,True,primary/tasks/atcoder__abc391_a/large_history/source_history.json,73eb5e899c02949fefe47f4bf168a922c83e33574f9b07d896ce6713f8bd138f
atcoder/abc391_a,small,687,True,False,False,22.761286893859506,True,primary/tasks/atcoder__abc391_a/small_history/source_history.json,e0d291151627d4072283b71c4b3f81bf4cfeb052bab3816a85d8033d7c85a051
atcoder/abc385_b,source,10218,True,False,False,573.0878098085523,True,primary/tasks/atcoder__abc385_b/large_history/source_history.json,15fd637d7ad1b5601e8aa5f554e0ffe64ce2264613cef97414ee0aa2383a5b2d
atcoder/abc385_b,small,8793,True,False,False,289.05100191384554,True,primary/tasks/atcoder__abc385_b/small_history/source_history.json,054c973775fc2bb84d46beed1bd75d88d53909a2b0c6dc2686bb3aaf95604f89
atcoder/abc394_b,source,1351,True,False,False,78.37538725323975,True,primary/tasks/atcoder__abc394_b/large_history/source_history.json,feaf34831632feaf011c6d02501d03b449233c0439f8ffaaa0ed24068214d00f
atcoder/abc394_b,small,2282,True,False,False,101.3014427870512,True,primary/tasks/atcoder__abc394_b/small_history/source_history.json,2ad99ac2a8a03c2c1608ed9fc0b21d198608d04783f12391eb7da71279968e48
atcoder/abc374_a,source,1820,True,False,False,103.74397173896432,True,primary/tasks/atcoder__abc374_a/large_history/source_history.json,6dccd1b2e4863b8feba1a292f98ab8cd6a0a8a93c024f67cbd7b01e3ee416f5f
atcoder/abc374_a,small,1404,True,False,False,46.94765360513702,True,primary/tasks/atcoder__abc374_a/small_history/source_history.json,7dd5f865f02375f2490dd5b644b140afc9150449424fd64bcc6aab51608a8242
atcoder/abc395_b,source,5917,True,False,False,351.80351314577274,True,primary/tasks/atcoder__abc395_b/large_history/source_history.json,3c4853daea2d37f3ce8e196aa206babcd7946473db9170c6e1367b94418ec42d
atcoder/abc395_b,small,6166,True,False,False,264.6235826034099,True,primary/tasks/atcoder__abc395_b/small_history/source_history.json,6be4ed6a90883d2b920788a005d7dff7c244ad08e0a7d1d8d7f8b9d450fa7c7b
atcoder/abc398_f,source,6404,True,False,False,486.4602650459856,True,primary/tasks/atcoder__abc398_f/large_history/source_history.json,40193d8c8b4ea2cce291ab05579c13f0b669f9b63692de952e7727c815bd3bb0
atcoder/abc398_f,small,12128,True,False,False,405.81475376104936,True,primary/tasks/atcoder__abc398_f/small_history/source_history.json,4b5f82263742e2a80b446fd728f3bcb4a18cbc3f02758b5c33c684e1933dc25e
atcoder/abc388_d,source,18446,True,False,False,1097.1764169689268,True,primary/tasks/atcoder__abc388_d/large_history/source_history.json,8525b2812ffbedbd70df10c5d7793ea1f424e1e1e0b312d595af971820604cbf
atcoder/abc388_d,small,24576,False,True,False,805.3024498880841,True,primary/tasks/atcoder__abc388_d/small_history/source_history.json,caa0824c5eabac40152559c143f4d769b8b08b2b6f46d7dd77ed4f1e5982df46
atcoder/abc385_e,source,15896,True,False,False,896.4616533450317,True,primary/tasks/atcoder__abc385_e/large_history/source_history.json,81687fc8ca30cb8c382d624252aa00242eef3471234950909ddf145f23c05383
atcoder/abc385_e,small,24515,True,False,False,806.2469242049847,True,primary/tasks/atcoder__abc385_e/small_history/source_history.json,b5091381de8de30728b24c6284a17490740a23928314c8599fb9be73d3f81492
atcoder/abc378_f,source,13217,True,False,False,782.3857745050918,True,primary/tasks/atcoder__abc378_f/large_history/source_history.json,662d77c4726a801bcc33468c4b537b728c5cd37a977bb56807c8ff39314cca0b
atcoder/abc378_f,small,18976,True,False,False,837.9574628714472,True,primary/tasks/atcoder__abc378_f/small_history/source_history.json,dc80ccca429d750d3260453cde156fa9e2c065a8fcc6987a528f6471e2e64dfc
leetcode/3607,source,17036,True,False,False,988.4503699443303,True,primary/tasks/leetcode__3607/large_history/source_history.json,684e5c7218078f59cc6da465f5a13b1d43ee3dd4972fb90147efba97e9999103
leetcode/3607,small,23968,True,False,False,783.7420714579057,True,primary/tasks/leetcode__3607/small_history/source_history.json,5977681eedd6c4421aea2129b3266113dcf35163b342913321b906c6dc191ec9
leetcode/3583,source,10062,True,False,False,583.4971329411492,True,primary/tasks/leetcode__3583/large_history/source_history.json,c238dc1fefe2e23afcf3046e43690aaaaa0067e3fb5106203abc48e1774a3541
leetcode/3583,small,9910,True,False,False,428.7347709350288,True,primary/tasks/leetcode__3583/small_history/source_history.json,0091a74bb7dae8ac970662ef102380f7e04f62f0738bbd8b103ad0b34e414cd5
atcoder/abc384_a,source,2402,True,False,False,139.31685549695976,True,primary/tasks/atcoder__abc384_a/large_history/source_history.json,12ce9c52c0026bd83a1ed313f56d589f073da93cd011a8bda15db3cddfcd4cb8
atcoder/abc384_a,small,1820,True,False,False,60.382995433872566,True,primary/tasks/atcoder__abc384_a/small_history/source_history.json,0ac4416aa4e22f890ef369138adfea52cf1ea557a2d17890ca790b8ad509ddf0
leetcode/3759,source,10838,True,False,False,612.2030383939855,True,primary/tasks/leetcode__3759/large_history/source_history.json,b702b383cd3fbec75d429047942535060e185a088fed536ea191967dc9886ccb
leetcode/3759,small,12352,True,False,False,403.64553700806573,True,primary/tasks/leetcode__3759/small_history/source_history.json,17a79eb63f057760e1b627edf2ea79b7d21fd8d00e7c09e1471c1f66c8016526
atcoder/abc381_d,source,9738,True,False,False,580.3734127790667,True,primary/tasks/atcoder__abc381_d/large_history/source_history.json,ef31f598433ae1924f32439855231afda7f14feb4941c1f1765e0c34f3c5ae9c
atcoder/abc381_d,small,23936,True,False,False,1044.9042229801416,True,primary/tasks/atcoder__abc381_d/small_history/source_history.json,4c653cf7dd0027f5caed555b3235809dd1ba6dcc572505547d6ebd920437968b
atcoder/abc386_f,source,9149,True,False,False,516.6564765397925,True,primary/tasks/atcoder__abc386_f/large_history/source_history.json,54f87100d3be5a17686451f2d66523f5a983f02b0e95d8efa53d7c5aa9a6486c
atcoder/abc386_f,small,19534,True,False,False,637.7664344001096,True,primary/tasks/atcoder__abc386_f/small_history/source_history.json,b04ba96b754d451a35ea97a97e89915171f9f3cf5558d4ab944aaabca1108a02
atcoder/abc397_b,source,8686,True,False,False,518.1101008809637,True,primary/tasks/atcoder__abc397_b/large_history/source_history.json,d9a50fa9d5d28dc47cec940e07533111d22bf4b5761054092765e31ee94c8c07
atcoder/abc397_b,small,18378,True,False,False,792.1777945831418,True,primary/tasks/atcoder__abc397_b/small_history/source_history.json,316e554b7b8c9dc16093680c0c52cbe9e81beba4e295ea4ef326adefd1e2580d
atcoder/arc194_c,source,8573,True,False,False,521.6857717353851,True,primary/tasks/atcoder__arc194_c/large_history/source_history.json,ab04dfb00eae5fdb29fd26a00adcb0cd57763f2f543811b6332b68011c8bf9b9
atcoder/arc194_c,small,9700,True,False,False,316.87197917187586,True,primary/tasks/atcoder__arc194_c/small_history/source_history.json,39ab9f7ecd7dc9dcc8d68159df1acc1e8e13512a3efe52fabc5200369e7a0be8
atcoder/abc395_e,source,9203,True,False,False,525.2048112719785,True,primary/tasks/atcoder__abc395_e/large_history/source_history.json,d9de502e9884e52366b0199a69262d0a04edf71174710c3d2406447d1b7e9ce2
atcoder/abc395_e,small,9424,True,False,False,307.26347097498365,True,primary/tasks/atcoder__abc395_e/small_history/source_history.json,4f00c60147e55e90813f9f0037763e946c094f8117e0cba513a7d324a67d3d96
leetcode/3690,source,8396,True,False,False,485.5989037139807,True,primary/tasks/leetcode__3690/large_history/source_history.json,5a7c85fc0e04da3d8ba6303b637766d97e4503c905c4dbb928d39165bb5f8273
leetcode/3690,small,19225,True,False,False,625.7366096258629,True,primary/tasks/leetcode__3690/small_history/source_history.json,3ed78e573533a5759a7d97c56e058980aa577ab3c0d847d7437b31ecfb3d2c97
leetcode/3651,source,2633,True,False,False,147.7144368700683,True,primary/tasks/leetcode__3651/large_history/source_history.json,4d7028d88a6c6a9a6783e379601c56e426be7ce940b2cf90f125fbe1e28e9f01
leetcode/3651,small,4111,True,False,False,179.6437931302935,True,primary/tasks/leetcode__3651/small_history/source_history.json,b5c237b6db305c2060ec7dd1e9a7397309e5e437510049796e0bee2935ddb5b0
leetcode/3528,source,23161,True,False,False,1320.1435501398519,True,primary/tasks/leetcode__3528/large_history/source_history.json,5eda37993ee2aac000c9dfc87ddd70417e1ceaf33aab9f254348055c82331204
leetcode/3528,small,16097,True,False,False,526.1343844409566,True,primary/tasks/leetcode__3528/small_history/source_history.json,7af0ba09e3e01556717665474adc9d82097937b22c146c6210927654518dcd6c
leetcode/3657,source,24576,False,True,False,1470.0080873733386,True,primary/tasks/leetcode__3657/large_history/source_history.json,505a102eba0d82a7e19d97f7b1e74218e5e9cd22e23657962eff4ca45a6f75f9
leetcode/3657,small,17138,True,False,False,684.4593315720558,True,primary/tasks/leetcode__3657/small_history/source_history.json,e128511ca91e8c9ef814e7ea456f4c0da4397cf76d80070b58d03a7080418fa5
atcoder/abc400_d,source,12936,True,False,False,758.3866006974131,True,primary/tasks/atcoder__abc400_d/large_history/source_history.json,84ddd781827db85fc1b419b6c1976f2fd58e9ee95d14df5e1d5ec71a9d7d1ad4
atcoder/abc400_d,small,20613,True,False,False,703.5460498621687,True,primary/tasks/atcoder__abc400_d/small_history/source_history.json,7ded3c4d2cfc8603d058df220d68dc617950401534285b829172fb627624f864
leetcode/3714,source,13201,True,False,False,764.5153088232037,True,primary/tasks/leetcode__3714/large_history/source_history.json,6e563307b0a9a81ce6f6002778f2f2f1a46c64540608f0f4e008ec03a007e894
leetcode/3714,small,8222,True,False,False,268.93918818910606,True,primary/tasks/leetcode__3714/small_history/source_history.json,abb04b2bc0b68ce7e18b60604f259830ba2d8a7dbdbf4fcf4e8a62c5208a29a9
atcoder/abc396_b,source,2734,True,False,False,152.9193500301335,True,primary/tasks/atcoder__abc396_b/large_history/source_history.json,35e04ddf21c3d16bcca5b089b02fe26d06b79146f2a9f8cfbb0c0ce3be04c282
atcoder/abc396_b,small,3316,True,False,False,107.96435190388002,True,primary/tasks/atcoder__abc396_b/small_history/source_history.json,f202044f0b4512660e033bb32bce4e763121f4732bcf5961de8d20299c8d14ce
leetcode/3560,source,24576,False,True,False,1392.0369013170712,True,primary/tasks/leetcode__3560/large_history/source_history.json,64d5d142913775cedecf64966d1fc714dc3ade932d8a1a142d5a631262b05528
leetcode/3560,small,15832,True,False,False,521.5917205410078,True,primary/tasks/leetcode__3560/small_history/source_history.json,0fe3bd6d80cf25f46c4dd01bf19a51fbb1ea418b13fc75ea1461b12f322c3e96
leetcode/3525,source,7975,True,False,False,464.32678552507423,True,primary/tasks/leetcode__3525/large_history/source_history.json,0716f2dfdf9e17676e85323cb8601a23421f1177b1b163940ea99c025a39ed2f
leetcode/3525,small,12735,True,False,False,571.5189115721732,True,primary/tasks/leetcode__3525/small_history/source_history.json,8210d61b8a9c73161e3762c3cc4734dfe728ceccee277a76379f7c0cfadb3d1d
atcoder/abc378_e,source,12514,True,False,False,745.6060808871407,True,primary/tasks/atcoder__abc378_e/large_history/source_history.json,0ccaff73c4e196995e223e2cc41baa29b9e16f805cd2ca6075f3daf49040fb05
atcoder/abc378_e,small,9621,True,False,False,313.1378782207612,True,primary/tasks/atcoder__abc378_e/small_history/source_history.json,880521f3acdbabe19fd99bb23379b7ea47d77178bf8aa00e158834347a6fe626
leetcode/3591,source,7598,True,False,False,432.4253159998916,True,primary/tasks/leetcode__3591/large_history/source_history.json,46e7f47353f8b861cd3b3e7d2a6d1fda4929ae7741e7b0f2585c5e43153898dd
leetcode/3591,small,23484,True,False,False,773.8656717010308,True,primary/tasks/leetcode__3591/small_history/source_history.json,3f99a060ff29558ac5601fc86508a033f28c835e81e0faaa949f611e216445f1
leetcode/3688,source,19528,True,False,False,1143.49737521098,True,primary/tasks/leetcode__3688/large_history/source_history.json,38db660657411e78075a9f7aa618149b018e6991b37f6d1d2043e7bf113a98e3
leetcode/3688,small,14070,True,False,False,458.4218722351361,True,primary/tasks/leetcode__3688/small_history/source_history.json,dde83510e6599559277c587b4cc26630df80184bdaaa75035f4dbd8617ffb419
leetcode/3765,source,22653,True,False,False,1278.0751139360946,True,primary/tasks/leetcode__3765/large_history/source_history.json,d0cdcb33708ffab977beb8c9508a292fc82a8de0d6576844be897c3823d3e9b6
leetcode/3765,small,23513,True,False,False,770.7375620149542,True,primary/tasks/leetcode__3765/small_history/source_history.json,7de49e5919bc6919db998a3a35f4a9992be79b1753f1c3b1f7d65b7f3fca26ea
atcoder/abc368_e,source,17670,True,False,False,993.3211755871307,True,primary/tasks/atcoder__abc368_e/large_history/source_history.json,93d77b510277542e50b45c90d907eaeaf2c78faeb18ee964f692ea0161115c5b
atcoder/abc368_e,small,24576,False,True,False,802.8627273209859,True,primary/tasks/atcoder__abc368_e/small_history/source_history.json,ed4044dc61a2d73a155ce7440a3057dfc139fac84acf58ee9af47c2362de2e37
atcoder/abc368_f,source,9347,True,False,False,543.7788835309912,True,primary/tasks/atcoder__abc368_f/large_history/source_history.json,4434a01e3110d5f9490174df9af585175a7fab765fb3eb1df0da9d88e05e7449
atcoder/abc368_f,small,8658,True,False,False,299.858311701566,True,primary/tasks/atcoder__abc368_f/small_history/source_history.json,37e304f9517f59876939469653c6a096bac306d8892b2faee295d1673913dbb6
atcoder/abc390_a,source,3651,True,False,False,216.34637691406533,True,primary/tasks/atcoder__abc390_a/large_history/source_history.json,40e2d77f70005b608647d3c9830563f6e9503ac9bb83a3238d1c62e5ed2be283
atcoder/abc390_a,small,5001,True,False,False,166.20756290806457,True,primary/tasks/atcoder__abc390_a/small_history/source_history.json,9b8ed31484ee0603a0861b3c03ba662cd4401cb28d49a095505086627761bd67
atcoder/abc370_e,source,11212,True,False,False,630.9050082559697,True,primary/tasks/atcoder__abc370_e/large_history/source_history.json,634ef5675e69a8b84c997d3d94ed57f3310293a9f3f73cc64df204044af60a2c
atcoder/abc370_e,small,9401,True,False,False,308.7684551591519,True,primary/tasks/atcoder__abc370_e/small_history/source_history.json,ada29080c1509b395d67cf17e92173e7f364e84a1833f35ec3af8632b8d09065
atcoder/abc392_c,source,3476,True,False,False,206.48904251493514,True,primary/tasks/atcoder__abc392_c/large_history/source_history.json,04c570ea7a1e8c1318337aa44716e65e78f9b123278612f7611c496fcaad68b4
atcoder/abc392_c,small,4650,True,False,False,208.5098398476839,True,primary/tasks/atcoder__abc392_c/small_history/source_history.json,3ab1edacb42a7c4469e39706e68073314355835a4f68cefd3aea6dd92fb4cf9b
atcoder/abc375_f,source,15025,True,False,False,848.5608290289529,True,primary/tasks/atcoder__abc375_f/large_history/source_history.json,c214d797a22904a80c7ebc93b9257552310b2bedf18b1d6765afa00bdfe71649
atcoder/abc375_f,small,11563,True,False,False,456.96865103952587,True,primary/tasks/atcoder__abc375_f/small_history/source_history.json,b3f60636e0a20f16eba43f1a54e12e2e2e45358d53c7bbb429b96b7fd1d2acac
atcoder/abc387_f,source,24576,False,True,False,1388.840746134054,True,primary/tasks/atcoder__abc387_f/large_history/source_history.json,4a4554ef0268192e9149d2e57fdbb08deae03c3ddceffaa85011e9827a8b7f2b
atcoder/abc387_f,small,24081,True,False,False,787.2632037822623,True,primary/tasks/atcoder__abc387_f/small_history/source_history.json,e5965361e31247e972ee77dfb649c337fc9be1d0f1609dd2df9f03a1440d2184
leetcode/3562,source,18048,True,False,False,1022.7411921417806,True,primary/tasks/leetcode__3562/large_history/source_history.json,5a2f632399227fd8eff49d923b128c68f96e0557cfd75d849ec09935a834fd24
leetcode/3562,small,21009,True,False,False,684.4038763081189,True,primary/tasks/leetcode__3562/small_history/source_history.json,28d8600bd5604370f217ac47f9f0a15ed131e972c245326c915c1c3f4b67fc04
atcoder/abc373_g,source,9658,True,False,False,551.8730655610561,True,primary/tasks/atcoder__abc373_g/large_history/source_history.json,b4f37826a550cc7dc0b6661e7911df81e99d0e7be1b9cac0b8e14224b6645c04
atcoder/abc373_g,small,18717,True,False,False,817.5761580206454,True,primary/tasks/atcoder__abc373_g/small_history/source_history.json,4b1a2be1f4b0829fc6bb12653822fd6268a60a79dceb6e115355ace6f2bc3b65
atcoder/abc386_a,source,3663,True,False,False,217.29261647514068,True,primary/tasks/atcoder__abc386_a/large_history/source_history.json,120b7bea164bdaedc4cbbccfcada9ab73af07fec1d11d6ea00574f6b0666b56d
atcoder/abc386_a,small,6697,True,False,False,222.6354246479459,True,primary/tasks/atcoder__abc386_a/small_history/source_history.json,e4d3d18cfa1e3fc4a049581424030bb182a4a42c6e4402411552b00122f1b33a
atcoder/abc380_b,source,4316,True,False,False,243.30514909722842,True,primary/tasks/atcoder__abc380_b/large_history/source_history.json,1eb64bf3ae3eafe518895995b703a8c24c2fc99c26cffbaa185f21331dda75cf
atcoder/abc380_b,small,2293,True,False,False,74.68648214777932,True,primary/tasks/atcoder__abc380_b/small_history/source_history.json,ae30bb72e0007e4249e16e75bfc7c8dc5c0ec5a6ddcb73b6360a74fea88c281b
leetcode/3540,source,1360,True,False,False,81.22797582601197,True,primary/tasks/leetcode__3540/large_history/source_history.json,a74d59a683718860b03a635c99929f4f3f5820b7fc37adb5192e33db82171fa1
leetcode/3540,small,1522,True,False,False,49.7231322710868,True,primary/tasks/leetcode__3540/small_history/source_history.json,54cae703c6fbced68a3b64b47774b6788b0c21915811ad465309383396528e2e
atcoder/arc192_d,source,24576,False,True,False,1470.1661360769067,True,primary/tasks/atcoder__arc192_d/large_history/source_history.json,d9a7c5c84c9635becb6de3391b381892f3d9c50057701bd53e274787f31bd9ff
atcoder/arc192_d,small,24576,False,True,False,796.7549317379016,True,primary/tasks/atcoder__arc192_d/small_history/source_history.json,634cbe87fb690d4e9a6781efaf53206b8624648c534f74c1c58e58a8ea3ca247
leetcode/3593,source,5147,True,False,False,290.87570966104977,True,primary/tasks/leetcode__3593/large_history/source_history.json,9df89e7e8dfd66ed5b18965483b2c1f18176ebb0df2668d8d552237e6375429e
leetcode/3593,small,7343,True,False,False,245.9797128350474,True,primary/tasks/leetcode__3593/small_history/source_history.json,3e28837c4d42f091882a598b9f726df3f2f6cb55c4917215c6661663e7100ed7
leetcode/3610,source,6403,True,False,False,370.8190369280055,True,primary/tasks/leetcode__3610/large_history/source_history.json,95fd3f47dcec367c3d945fd9c51d5031e9a3ecbab8094dc6c6a54b0ad8f5eec5
leetcode/3610,small,8873,True,False,False,393.01149396784604,True,primary/tasks/leetcode__3610/small_history/source_history.json,8e4290a854893d4f8ed8f668daf2c6aaf8ecfb61d30179352e795368b3697c20
leetcode/3616,source,6865,True,False,False,408.3770215290133,True,primary/tasks/leetcode__3616/large_history/source_history.json,5631be2fc43dbdc280f18fbe7fb5ff6815e7e28b19bc3c76d11aaaddc94111e8
leetcode/3616,small,11899,True,False,False,390.17686483520083,True,primary/tasks/leetcode__3616/small_history/source_history.json,92ef5f37fe3081229e69ebb2317d05a709ef9352a5aa8a5b6c98f6d80ff88e67
leetcode/3510,source,3133,True,False,False,181.60745285218582,True,primary/tasks/leetcode__3510/large_history/source_history.json,241dbbe7b268e526d1dff6b569eab01de968ab1f588d5ed7c945314eccf35d98
leetcode/3510,small,3326,True,False,False,108.32949715806171,True,primary/tasks/leetcode__3510/small_history/source_history.json,5a6a80d92213b337b9f11459f4c4f9d8d3c8b23ffa1d37fcc1d18c6930760e89
atcoder/abc365_c,source,8034,True,False,False,454.0819175732322,True,primary/tasks/atcoder__abc365_c/large_history/source_history.json,3c81e89c6c9b12276fc810fb0996efb28b5401df3c32177a677ca100547acad0
atcoder/abc365_c,small,6423,True,False,False,279.3495185878128,True,primary/tasks/atcoder__abc365_c/small_history/source_history.json,43ddf6e44b7959b526ef4da2dd1cd2f7665d3a80c20691ba6598d53156dc595a
atcoder/arc185_d,source,24143,True,False,False,1372.0663028659765,True,primary/tasks/atcoder__arc185_d/large_history/source_history.json,fd4b47f9e65f731809791bb365951698de731a3aa46e8bc6251710d2abf79f15
atcoder/arc185_d,small,24405,True,False,False,796.2814687669743,True,primary/tasks/atcoder__arc185_d/small_history/source_history.json,f2ac2feb1da3571913644ff53d500191e1b887747f82a5d7f671aadb410298ff
leetcode/3750,source,8574,True,False,False,487.4818918330129,True,primary/tasks/leetcode__3750/large_history/source_history.json,8179b68959147ed162ef1c3df4812b6eb2faca920023687f76fa657554b33be9
leetcode/3750,small,13879,True,False,False,607.4781840145588,True,primary/tasks/leetcode__3750/small_history/source_history.json,b308d52d29d54e49f2b10ce0fabfecc63f41bb8981e2a3528e9d1a80c59573d4
atcoder/abc400_b,source,6899,True,False,False,389.5882079147268,True,primary/tasks/atcoder__abc400_b/large_history/source_history.json,93a9e6e907cc781daab26866c47bfae3424022e046b6748cb80449a4d0665564
atcoder/abc400_b,small,6755,True,False,False,294.90393694862723,True,primary/tasks/atcoder__abc400_b/small_history/source_history.json,70557923796221cd0f98753a3314ca9a737dd1c2015cd0b1c602f12fdafc5bef
leetcode/3733,source,23468,True,False,False,1332.0889378187712,True,primary/tasks/leetcode__3733/large_history/source_history.json,87d65e97c9c9f8d1ebb99b5a725ed5127621c2bdd86ef8583b8443cbb9ad6af0
leetcode/3733,small,20912,True,False,False,811.3527547400445,True,primary/tasks/leetcode__3733/small_history/source_history.json,fa390e2170059b205445a305ca0023155f6fbc3d816608f7ddb4dc4ed3eaba4c
leetcode/3737,source,9474,True,False,False,565.4598865639418,True,primary/tasks/leetcode__3737/large_history/source_history.json,c15f9b762affb7f482db7dcf1f31687cd62dad3ba07587a78867b9e8557c6685
leetcode/3737,small,10339,True,False,False,341.35627486300655,True,primary/tasks/leetcode__3737/small_history/source_history.json,00aa4676ab6f4fdcb912a7ec0a318ab7c1cead5b27dcb5bc2351704695ae36b7
atcoder/abc376_f,source,22762,True,False,False,1363.988958782982,True,primary/tasks/atcoder__abc376_f/large_history/source_history.json,0fcc209197dd4ed815406cad9e85b78c4374203e2b5f1f0299143800eae01cb5
atcoder/abc376_f,small,24576,False,True,False,802.0468146489002,True,primary/tasks/atcoder__abc376_f/small_history/source_history.json,130c7a514bae84d9c65945cc8fc0a497415f47b3f3bd066be6fa57cbd884ba9d
leetcode/3771,source,17250,True,False,False,1020.0143868508749,True,primary/tasks/leetcode__3771/large_history/source_history.json,cf93840577891c83c56d0250793c9845c2d619465bcc72956b071db4a0be78ed
leetcode/3771,small,20791,True,False,False,692.704646158265,True,primary/tasks/leetcode__3771/small_history/source_history.json,de38da0bd9cbfa07e4194e7b34b78b43ee90d4ddf3588ad482e4d8b66c9fd91c
atcoder/abc370_d,source,23703,True,False,False,1408.596969492035,True,primary/tasks/atcoder__abc370_d/large_history/source_history.json,f955504e9c721a955ff487e8040e0c34b9fc5042e19643a99616d074ae5e3de1
atcoder/abc370_d,small,14298,True,False,False,466.11065962095745,True,primary/tasks/atcoder__abc370_d/small_history/source_history.json,8aea369cd6ec90209af3fa20bc357b594c0556fc91b666ec9ac1b08d5dc17756
atcoder/abc368_d,source,8621,True,False,False,488.1253524310887,True,primary/tasks/atcoder__abc368_d/large_history/source_history.json,9f705cf8233e5fa6cc78627110c3f2652e7cb3a6e43f123df3b51ce2d06db255
atcoder/abc368_d,small,19349,True,False,False,645.8995045092888,True,primary/tasks/atcoder__abc368_d/small_history/source_history.json,2f15e2bf0d088f778db4d51ec66bb767012de6f8026a915abc2618eb175f55aa
leetcode/3639,source,7162,True,False,False,404.3663750477135,True,primary/tasks/leetcode__3639/large_history/source_history.json,d370b36c2ea7fa1d529a097b2d37e07fcb54959442eab3bd4e8f670494b59455
leetcode/3639,small,4585,True,False,False,149.72929884283803,True,primary/tasks/leetcode__3639/small_history/source_history.json,31efbacaf06e0a226ca73cfda6be9b65e203854340aae03900ef43a4a0a49d79
atcoder/abc367_e,source,12228,True,False,False,693.99172830116,True,primary/tasks/atcoder__abc367_e/large_history/source_history.json,58a94f0b6ef1cf3db15aeb205fd0f013ba4f16bc7d2d2c772a6b0cf65e0b00dc
atcoder/abc367_e,small,22936,True,False,False,754.3213129779324,True,primary/tasks/atcoder__abc367_e/small_history/source_history.json,af2266846ca1edf71274d4c209ed9614d0a521f1caaa6d1db2a77e7563347637
leetcode/3676,source,2112,True,False,False,122.51709296205081,True,primary/tasks/leetcode__3676/large_history/source_history.json,ae0256973f47b7991163e0d2e39b95da03f2f186fffa6eb5182cb1537053b5a8
leetcode/3676,small,1736,True,False,False,56.95879629882984,True,primary/tasks/leetcode__3676/small_history/source_history.json,6a2856a4610bac86cec0142b26f57bb65fab81b50c5764c3bb900b2fb48bcbbb
leetcode/3634,source,7831,True,False,False,467.16060545900837,True,primary/tasks/leetcode__3634/large_history/source_history.json,751e0eb4e245ba210a703d2839d74c4537cdc1916b4597a0e21b89bb2a3e146d
leetcode/3634,small,7745,True,False,False,299.92739175632596,True,primary/tasks/leetcode__3634/small_history/source_history.json,9c90c09f366f50f068d4b8edfddc4e8fd89588dd1f90029bd98ffffe029f659a
atcoder/arc190_c,source,17576,True,False,False,1010.4923041360453,True,primary/tasks/atcoder__arc190_c/large_history/source_history.json,587ad0dc1cf53f4508cfd8d36e02ccb4c105b5fef25749117ed1aa65ef497f82
atcoder/arc190_c,small,17401,True,False,False,588.8753474038094,True,primary/tasks/atcoder__arc190_c/small_history/source_history.json,1ffafc743e3073f27b21c31d7d8ae79b0d5da1a1aef064b3c3d2727669438bca
atcoder/abc389_d,source,14058,True,False,False,807.1877072001807,True,primary/tasks/atcoder__abc389_d/large_history/source_history.json,91efd59ce346f2bb56e2934b95d5b9528c959c616ccdb1ad725e88e9da02633a
atcoder/abc389_d,small,17971,True,False,False,788.0795486140996,True,primary/tasks/atcoder__abc389_d/small_history/source_history.json,a8e2d23460908deef97c0b8273ad70cd88e3df662c137148272b751ad9fa5329
atcoder/abc378_c,source,2364,True,False,False,137.95547507493757,True,primary/tasks/atcoder__abc378_c/large_history/source_history.json,16f73731c6f7178b2e5900d92e3c2b65eee96aca6e0c8ff8da6e147013c1e019
atcoder/abc378_c,small,2731,True,False,False,88.60783728281967,True,primary/tasks/atcoder__abc378_c/small_history/source_history.json,a1c83a265500a6249d8c5039cad804b507ce061af29279e56d7733e06cafab6c
atcoder/abc366_g,source,22662,True,False,False,1351.9948738687672,True,primary/tasks/atcoder__abc366_g/large_history/source_history.json,27b99c5932c6f0d3acd0923a275afb583ecf2551fc1a875b285eeb1c5a7de8d7
atcoder/abc366_g,small,19611,True,False,False,787.1525939144194,True,primary/tasks/atcoder__abc366_g/small_history/source_history.json,a7a7d37d13658f7457205a39d29a6956c543cba52a55434dcf699ae05857e09a
leetcode/3566,source,13296,True,False,False,791.3321329571772,True,primary/tasks/leetcode__3566/large_history/source_history.json,bdf972c78292d7672cdb3d3f31b538408771583b6da0a57a2613f48a7580a084
leetcode/3566,small,11205,True,False,False,365.69105102913454,True,primary/tasks/leetcode__3566/small_history/source_history.json,b16098b9ffa8de111b7bb8fa8574e220a772ea2f1e461984957c13d07be5bcf4
leetcode/3587,source,8118,True,False,False,469.98408901598305,True,primary/tasks/leetcode__3587/large_history/source_history.json,3eafb4024642a2f1880a8fe619e180733226ed5bc04991100bb6fdab2701e870
leetcode/3587,small,7061,True,False,False,308.78836799412966,True,primary/tasks/leetcode__3587/small_history/source_history.json,293feddca22ae329f47deea51ff37331c946cfc2fc591f3dd57367c41b6afffd
atcoder/arc192_e,source,24576,False,True,False,1423.9698335111607,True,primary/tasks/atcoder__arc192_e/large_history/source_history.json,459d21f13161763c587824808c308c84562ac45ea99d189cb6b6bac2f6bf6993
atcoder/arc192_e,small,23246,True,False,False,764.6488999847788,True,primary/tasks/atcoder__arc192_e/small_history/source_history.json,74bf983569a6aeaadc52fa5cf75193940055d82c8e7bdca132ad431e02893163
atcoder/arc189_d,source,23574,True,False,False,1414.0798758640885,True,primary/tasks/atcoder__arc189_d/large_history/source_history.json,6574829d83e7c4dc612a1d962ca08cc2920c95b7df7e51c35965ad5a14590c15
atcoder/arc189_d,small,20697,True,False,False,677.2554652332328,True,primary/tasks/atcoder__arc189_d/small_history/source_history.json,ef9cebdcb75642766826e76a9343e16d3cb446da8fc7f24c72ab34c665347749
leetcode/3748,source,5822,True,False,False,338.92121778568253,True,primary/tasks/leetcode__3748/large_history/source_history.json,eb3f18cced358902a09a9ac13b4ef9d785c5ce250973bd874c8c47a45a2c6b86
leetcode/3748,small,7684,True,False,False,346.2017526291311,True,primary/tasks/leetcode__3748/small_history/source_history.json,bfc4b80b0eed5ab68d0007ccb648744bf0bcadf177ae84347d5713f783a7a3c9
leetcode/3799,source,12247,True,False,False,692.4142193449661,True,primary/tasks/leetcode__3799/large_history/source_history.json,a3f4c9ffdc0b3b8a65d2b561d64473b169c0858461ac720b81766c7ec1be6549
leetcode/3799,small,5155,True,False,False,171.74995906394906,True,primary/tasks/leetcode__3799/small_history/source_history.json,cf7262d59e3b2ebec0a3d198984fff3bfb4d891616b9b684662273499516d299
atcoder/arc182_c,source,24561,True,False,False,1386.2671758171637,True,primary/tasks/atcoder__arc182_c/large_history/source_history.json,33d4afb62585d5ef6417058ecb1927e5c180f1e2788f58d022e2f94c63c0220a
atcoder/arc182_c,small,24576,False,True,False,930.9130505174398,True,primary/tasks/atcoder__arc182_c/small_history/source_history.json,41e7ae1da5832f7da1c35a304be1c59251680bbf3ccaa0bc1a32e8f4d418d550
atcoder/abc400_e,source,8656,True,False,False,516.1441868150141,True,primary/tasks/atcoder__abc400_e/large_history/source_history.json,be35b33dc75215ec86d0d7426c2fb9b97af7d3f5e2a6a3c84f5a7266f5cd5648
atcoder/abc400_e,small,9150,True,False,False,404.6382061615586,True,primary/tasks/atcoder__abc400_e/small_history/source_history.json,1f810c1cae6d895d5b973e56350886e5342e7eb97136c30d5eb90ba806ef1c84
leetcode/3563,source,15738,True,False,False,915.0389014261309,True,primary/tasks/leetcode__3563/large_history/source_history.json,65e71ffcb030a5af088873ceb968bd765fbb1170ed9ca45c2a2a82e7da2d34d3
leetcode/3563,small,14950,True,False,False,672.3893224466592,True,primary/tasks/leetcode__3563/small_history/source_history.json,8e95ab681c3cdbde0ad1d3a69fb116d718cfe85d43b4633e90389a52c0068bb6
atcoder/abc373_e,source,21523,True,False,False,1222.7334035979584,True,primary/tasks/atcoder__abc373_e/large_history/source_history.json,fdd8dae553edc971b208c5dae1d1bc554b05ab03c3503dd316a7cbdca293bd97
atcoder/abc373_e,small,24576,False,True,False,807.2695995629765,True,primary/tasks/atcoder__abc373_e/small_history/source_history.json,7608d0cbadc6884e9b9e7aa98a7f5cc68cb62fc3249eb15844a3e8f2ae2336f1
leetcode/3704,source,4038,True,False,False,228.50557298399508,True,primary/tasks/leetcode__3704/large_history/source_history.json,621b6d75ab3897beb6f7cd67b890b9f78490b360579aeca781bc8ccc0f0d30a2
leetcode/3704,small,4835,True,False,False,158.09309229813516,True,primary/tasks/leetcode__3704/small_history/source_history.json,5294718b40e1e7e89ebc7e284ab0b2af082f2f0ff703421d728be494f5eda47e
atcoder/abc391_f,source,11955,True,False,False,676.3596731657162,True,primary/tasks/atcoder__abc391_f/large_history/source_history.json,3a59c549ce6043eef3166d4b854827c44af43181c12a5e893b274f469dd13621
atcoder/abc391_f,small,10058,True,False,False,334.3597745569423,True,primary/tasks/atcoder__abc391_f/small_history/source_history.json,7c3214da6e14247d689c9c018829d739c9f63285f0855f0825cd20cfc91b1003
atcoder/abc389_b,source,2133,True,False,False,123.51458596088924,True,primary/tasks/atcoder__abc389_b/large_history/source_history.json,f4ae016c28a0bbc661a179da885b875d3557a59226fa2046e8af530afde2d5be
atcoder/abc389_b,small,2091,True,False,False,68.26987071405165,True,primary/tasks/atcoder__abc389_b/small_history/source_history.json,9b8d7810591800108565d244bc325371295c9b090fcb298f81ad8ae090432360
atcoder/abc367_b,source,8682,True,False,False,516.9214057791978,True,primary/tasks/atcoder__abc367_b/large_history/source_history.json,4e5158d84dc26f97319e39ec322b3e872a5f011b950dfb61be018190af5f9fbf
atcoder/abc367_b,small,8504,True,False,False,283.131858689012,True,primary/tasks/atcoder__abc367_b/small_history/source_history.json,6676cd55d1257ad7244bd0d060523de5399aaf98f197830187cf9834ce1e36ec
atcoder/abc369_d,source,4776,True,False,False,267.55958221829496,True,primary/tasks/atcoder__abc369_d/large_history/source_history.json,f0104a585f1bd85d2d342580645e62cd18f0955a51c170f09e8b2b60992db4ef
atcoder/abc369_d,small,5983,True,False,False,260.26541458815336,True,primary/tasks/atcoder__abc369_d/small_history/source_history.json,5697582c4c3595982be827828229e966b3dad9980e2024445f91b7d146b414f3
atcoder/abc377_g,source,10833,True,False,False,613.0749190519564,True,primary/tasks/atcoder__abc377_g/large_history/source_history.json,5b9500d61e7ccc0419340f1fe79efffc300bbe55fcb66c098b6193a4d6a653e5
atcoder/abc377_g,small,14575,True,False,False,629.2414337657392,True,primary/tasks/atcoder__abc377_g/small_history/source_history.json,d101a3c6d900e7e5e8e667eecb1f38573b281fa0deb96971fd1ff6106371594a
leetcode/3791,source,11574,True,False,False,687.3316975410562,True,primary/tasks/leetcode__3791/large_history/source_history.json,a2a963c9851921fe73b4768756953150562ea7b06344a3726be19d574d62368e
leetcode/3791,small,17503,True,False,False,497.06986045464873,True,primary/tasks/leetcode__3791/small_history/source_history.json,cee3cb98aac755a8880d4fd6cdf889950505abf93f385f5c817f50afb0dc22bf
atcoder/abc381_b,source,3987,True,False,False,237.35332131106406,True,primary/tasks/atcoder__abc381_b/large_history/source_history.json,7c5366e668d2ddd900589ee3878d1d01b33a50cc29c9b755821300c7e30651f5
atcoder/abc381_b,small,6275,True,False,False,210.00241606216878,True,primary/tasks/atcoder__abc381_b/small_history/source_history.json,fc88cae4868f4e60cec97873a1e561800ca7ee6def153a39ebdbb9ba99517306
atcoder/abc385_c,source,7943,True,False,False,472.0672225430608,True,primary/tasks/atcoder__abc385_c/large_history/source_history.json,6f3c8e9af2ca9b6e2625403d266a96bb7e613e416ec8f9202dd6d9164c0011d5
atcoder/abc385_c,small,7282,True,False,False,237.5537067928817,True,primary/tasks/atcoder__abc385_c/small_history/source_history.json,a2286f547e7703876e645e2fa602fbe53bd1a27a6484fc6688e1ac7542c4c41f
atcoder/abc366_f,source,22094,True,False,False,1290.6750242407434,True,primary/tasks/atcoder__abc366_f/large_history/source_history.json,7c61de9075d2ab9cf84ac7b4ac7d095f3c61307efc02b01ad46e5ce35f3ae199
atcoder/abc366_f,small,19784,True,False,False,867.1741511933506,True,primary/tasks/atcoder__abc366_f/small_history/source_history.json,9ec166b489ab6cd235995162af44eff440c05b92e3cc4b430d48e2580069d8a5
