task_id,condition,draws,passed_draws,missing_draws,pass_rate,success_lower,success_upper
leetcode/3731,A,3,3,0,1.0,1.0,1.0
leetcode/3731,B,3,3,0,1.0,1.0,1.0
leetcode/3731,D,3,3,0,1.0,1.0,1.0
leetcode/3731,P,3,3,0,1.0,1.0,1.0
leetcode/3731,FIXED_M,3,3,0,1.0,1.0,1.0
leetcode/3731,ROTATING_M,3,3,0,1.0,1.0,1.0
leetcode/3731,FIXED_H,3,3,0,1.0,1.0,1.0
leetcode/3731,ROTATING_H,3,3,0,1.0,1.0,1.0
atcoder/abc392_b,A,3,0,0,0.0,0.0,0.0
atcoder/abc392_b,B,3,3,0,1.0,1.0,1.0
atcoder/abc392_b,D,3,3,0,1.0,1.0,1.0
atcoder/abc392_b,P,3,3,0,1.0,1.0,1.0
atcoder/abc392_b,FIXED_M,3,3,0,1.0,1.0,1.0
atcoder/abc392_b,ROTATING_M,3,3,0,1.0,1.0,1.0
atcoder/abc392_b,FIXED_H,3,3,0,1.0,1.0,1.0
atcoder/abc392_b,ROTATING_H,3,3,0,1.0,1.0,1.0
leetcode/3654,A,3,3,0,1.0,1.0,1.0
leetcode/3654,B,3,0,0,0.0,0.0,0.0
leetcode/3654,D,3,3,0,1.0,1.0,1.0
leetcode/3654,P,3,0,0,0.0,0.0,0.0
leetcode/3654,FIXED_M,3,0,0,0.0,0.0,0.0
leetcode/3654,ROTATING_M,3,0,0,0.0,0.0,0.0
leetcode/3654,FIXED_H,3,0,0,0.0,0.0,0.0
leetcode/3654,ROTATING_H,3,0,0,0.0,0.0,0.0
atcoder/abc371_b,A,3,3,0,1.0,1.0,1.0
atcoder/abc371_b,B,3,3,0,1.0,1.0,1.0
atcoder/abc371_b,D,3,3,0,1.0,1.0,1.0
atcoder/abc371_b,P,3,3,0,1.0,1.0,1.0
atcoder/abc371_b,FIXED_M,3,1,0,0.3333333333333333,0.3333333333333333,0.3333333333333333
atcoder/abc371_b,ROTATING_M,3,2,0,0.6666666666666666,0.6666666666666666,0.6666666666666666
atcoder/abc371_b,FIXED_H,3,3,0,1.0,1.0,1.0
atcoder/abc371_b,ROTATING_H,3,3,0,1.0,1.0,1.0
atcoder/abc388_f,A,3,0,0,0.0,0.0,0.0
atcoder/abc388_f,B,3,0,0,0.0,0.0,0.0
atcoder/abc388_f,D,3,0,0,0.0,0.0,0.0
atcoder/abc388_f,P,3,0,0,0.0,0.0,0.0
atcoder/abc388_f,FIXED_M,3,0,0,0.0,0.0,0.0
atcoder/abc388_f,ROTATING_M,3,0,0,0.0,0.0,0.0
atcoder/abc388_f,FIXED_H,3,0,0,0.0,0.0,0.0
atcoder/abc388_f,ROTATING_H,3,0,0,0.0,0.0,0.0
atcoder/arc195_a,A,3,3,0,1.0,1.0,1.0
atcoder/arc195_a,B,3,2,0,0.6666666666666666,0.6666666666666666,0.6666666666666666
atcoder/arc195_a,D,3,3,0,1.0,1.0,1.0
atcoder/arc195_a,P,3,0,0,0.0,0.0,0.0
atcoder/arc195_a,FIXED_M,3,0,0,0.0,0.0,0.0
atcoder/arc195_a,ROTATING_M,3,0,0,0.0,0.0,0.0
atcoder/arc195_a,FIXED_H,3,0,0,0.0,0.0,0.0
atcoder/arc195_a,ROTATING_H,3,0,0,0.0,0.0,0.0
atcoder/arc194_e,A,3,3,0,1.0,1.0,1.0
atcoder/arc194_e,B,3,0,0,0.0,0.0,0.0
atcoder/arc194_e,D,3,3,0,1.0,1.0,1.0
atcoder/arc194_e,P,3,0,0,0.0,0.0,0.0
atcoder/arc194_e,FIXED_M,3,0,0,0.0,0.0,0.0
atcoder/arc194_e,ROTATING_M,3,0,0,0.0,0.0,0.0
atcoder/arc194_e,FIXED_H,3,0,0,0.0,0.0,0.0
atcoder/arc194_e,ROTATING_H,3,0,0,0.0,0.0,0.0
leetcode/3485,A,3,3,0,1.0,1.0,1.0
leetcode/3485,B,3,3,0,1.0,1.0,1.0
leetcode/3485,D,3,3,0,1.0,1.0,1.0
leetcode/3485,P,3,0,0,0.0,0.0,0.0
leetcode/3485,FIXED_M,3,0,0,0.0,0.0,0.0
leetcode/3485,ROTATING_M,3,0,0,0.0,0.0,0.0
leetcode/3485,FIXED_H,3,0,0,0.0,0.0,0.0
leetcode/3485,ROTATING_H,3,0,0,0.0,0.0,0.0
atcoder/abc375_e,A,3,3,0,1.0,1.0,1.0
atcoder/abc375_e,B,3,3,0,1.0,1.0,1.0
atcoder/abc375_e,D,3,3,0,1.0,1.0,1.0
atcoder/abc375_e,P,3,0,0,0.0,0.0,0.0
atcoder/abc375_e,FIXED_M,3,0,0,0.0,0.0,0.0
atcoder/abc375_e,ROTATING_M,3,0,0,0.0,0.0,0.0
atcoder/abc375_e,FIXED_H,3,0,0,0.0,0.0,0.0
atcoder/abc375_e,ROTATING_H,3,1,0,0.3333333333333333,0.3333333333333333,0.3333333333333333
leetcode/3805,A,3,3,0,1.0,1.0,1.0
leetcode/3805,B,3,3,0,1.0,1.0,1.0
leetcode/3805,D,3,3,0,1.0,1.0,1.0
leetcode/3805,P,3,0,0,0.0,0.0,0.0
leetcode/3805,FIXED_M,3,0,0,0.0,0.0,0.0
leetcode/3805,ROTATING_M,3,0,0,0.0,0.0,0.0
leetcode/3805,FIXED_H,3,0,0,0.0,0.0,0.0
leetcode/3805,ROTATING_H,3,0,0,0.0,0.0,0.0
atcoder/arc183_b,A,3,0,0,0.0,0.0,0.0
atcoder/arc183_b,B,3,0,0,0.0,0.0,0.0
atcoder/arc183_b,D,3,0,0,0.0,0.0,0.0
atcoder/arc183_b,P,3,0,0,0.0,0.0,0.0
atcoder/arc183_b,FIXED_M,3,0,0,0.0,0.0,0.0
atcoder/arc183_b,ROTATING_M,3,0,0,0.0,0.0,0.0
atcoder/arc183_b,FIXED_H,3,0,0,0.0,0.0,0.0
atcoder/arc183_b,ROTATING_H,3,0,0,0.0,0.0,0.0
leetcode/3548,A,3,3,0,1.0,1.0,1.0
leetcode/3548,B,3,0,0,0.0,0.0,0.0
leetcode/3548,D,3,3,0,1.0,1.0,1.0
leetcode/3548,P,3,0,0,0.0,0.0,0.0
leetcode/3548,FIXED_M,3,0,0,0.0,0.0,0.0
leetcode/3548,ROTATING_M,3,0,0,0.0,0.0,0.0
leetcode/3548,FIXED_H,3,0,0,0.0,0.0,0.0
leetcode/3548,ROTATING_H,3,0,0,0.0,0.0,0.0
atcoder/abc374_d,A,3,0,0,0.0,0.0,0.0
atcoder/abc374_d,B,3,0,0,0.0,0.0,0.0
atcoder/abc374_d,D,3,0,0,0.0,0.0,0.0
atcoder/abc374_d,P,3,0,0,0.0,0.0,0.0
atcoder/abc374_d,FIXED_M,3,0,0,0.0,0.0,0.0
atcoder/abc374_d,ROTATING_M,3,0,0,0.0,0.0,0.0
atcoder/abc374_d,FIXED_H,3,0,0,0.0,0.0,0.0
atcoder/abc374_d,ROTATING_H,3,0,0,0.0,0.0,0.0
leetcode/3637,A,3,0,0,0.0,0.0,0.0
leetcode/3637,B,3,0,0,0.0,0.0,0.0
leetcode/3637,D,3,0,0,0.0,0.0,0.0
leetcode/3637,P,3,0,0,0.0,0.0,0.0
leetcode/3637,FIXED_M,3,0,0,0.0,0.0,0.0
leetcode/3637,ROTATING_M,3,0,0,0.0,0.0,0.0
leetcode/3637,FIXED_H,3,0,0,0.0,0.0,0.0
leetcode/3637,ROTATING_H,3,0,0,0.0,0.0,0.0
atcoder/arc185_c,A,3,0,0,0.0,0.0,0.0
atcoder/arc185_c,B,3,0,0,0.0,0.0,0.0
atcoder/arc185_c,D,3,0,0,0.0,0.0,0.0
atcoder/arc185_c,P,3,0,0,0.0,0.0,0.0
atcoder/arc185_c,FIXED_M,3,0,0,0.0,0.0,0.0
atcoder/arc185_c,ROTATING_M,3,0,0,0.0,0.0,0.0
atcoder/arc185_c,FIXED_H,3,0,0,0.0,0.0,0.0
atcoder/arc185_c,ROTATING_H,3,0,0,0.0,0.0,0.0
atcoder/abc390_d,A,3,3,0,1.0,1.0,1.0
atcoder/abc390_d,B,3,0,0,0.0,0.0,0.0
atcoder/abc390_d,D,3,3,0,1.0,1.0,1.0
atcoder/abc390_d,P,3,0,0,0.0,0.0,0.0
atcoder/abc390_d,FIXED_M,3,0,0,0.0,0.0,0.0
atcoder/abc390_d,ROTATING_M,3,1,0,0.3333333333333333,0.3333333333333333,0.3333333333333333
atcoder/abc390_d,FIXED_H,3,1,0,0.3333333333333333,0.3333333333333333,0.3333333333333333
atcoder/abc390_d,ROTATING_H,3,1,0,0.3333333333333333,0.3333333333333333,0.3333333333333333
leetcode/3692,A,3,3,0,1.0,1.0,1.0
leetcode/3692,B,3,0,0,0.0,0.0,0.0
leetcode/3692,D,3,3,0,1.0,1.0,1.0
leetcode/3692,P,3,0,0,0.0,0.0,0.0
leetcode/3692,FIXED_M,3,0,0,0.0,0.0,0.0
leetcode/3692,ROTATING_M,3,0,0,0.0,0.0,0.0
leetcode/3692,FIXED_H,3,0,0,0.0,0.0,0.0
leetcode/3692,ROTATING_H,3,0,0,0.0,0.0,0.0
leetcode/3608,A,3,3,0,1.0,1.0,1.0
leetcode/3608,B,3,0,0,0.0,0.0,0.0
leetcode/3608,D,3,3,0,1.0,1.0,1.0
leetcode/3608,P,3,0,0,0.0,0.0,0.0
leetcode/3608,FIXED_M,3,0,0,0.0,0.0,0.0
leetcode/3608,ROTATING_M,3,0,0,0.0,0.0,0.0
leetcode/3608,FIXED_H,3,0,0,0.0,0.0,0.0
leetcode/3608,ROTATING_H,3,0,0,0.0,0.0,0.0
atcoder/abc380_g,A,3,0,0,0.0,0.0,0.0
atcoder/abc380_g,B,3,0,0,0.0,0.0,0.0
atcoder/abc380_g,D,3,0,0,0.0,0.0,0.0
atcoder/abc380_g,P,3,0,0,0.0,0.0,0.0
atcoder/abc380_g,FIXED_M,3,0,0,0.0,0.0,0.0
atcoder/abc380_g,ROTATING_M,3,0,0,0.0,0.0,0.0
atcoder/abc380_g,FIXED_H,3,0,0,0.0,0.0,0.0
atcoder/abc380_g,ROTATING_H,3,0,0,0.0,0.0,0.0
atcoder/abc399_b,A,3,3,0,1.0,1.0,1.0
atcoder/abc399_b,B,3,3,0,1.0,1.0,1.0
atcoder/abc399_b,D,3,3,0,1.0,1.0,1.0
atcoder/abc399_b,P,3,3,0,1.0,1.0,1.0
atcoder/abc399_b,FIXED_M,3,3,0,1.0,1.0,1.0
atcoder/abc399_b,ROTATING_M,3,3,0,1.0,1.0,1.0
atcoder/abc399_b,FIXED_H,3,2,0,0.6666666666666666,0.6666666666666666,0.6666666666666666
atcoder/abc399_b,ROTATING_H,3,1,0,0.3333333333333333,0.3333333333333333,0.3333333333333333
atcoder/abc365_a,A,3,3,0,1.0,1.0,1.0
atcoder/abc365_a,B,3,3,0,1.0,1.0,1.0
atcoder/abc365_a,D,3,3,0,1.0,1.0,1.0
atcoder/abc365_a,P,3,3,0,1.0,1.0,1.0
atcoder/abc365_a,FIXED_M,3,2,0,0.6666666666666666,0.6666666666666666,0.6666666666666666
atcoder/abc365_a,ROTATING_M,3,1,0,0.3333333333333333,0.3333333333333333,0.3333333333333333
atcoder/abc365_a,FIXED_H,3,3,0,1.0,1.0,1.0
atcoder/abc365_a,ROTATING_H,3,3,0,1.0,1.0,1.0
atcoder/abc379_d,A,3,3,0,1.0,1.0,1.0
atcoder/abc379_d,B,3,0,0,0.0,0.0,0.0
atcoder/abc379_d,D,3,3,0,1.0,1.0,1.0
atcoder/abc379_d,P,3,0,0,0.0,0.0,0.0
atcoder/abc379_d,FIXED_M,3,0,0,0.0,0.0,0.0
atcoder/abc379_d,ROTATING_M,3,1,0,0.3333333333333333,0.3333333333333333,0.3333333333333333
atcoder/abc379_d,FIXED_H,3,0,0,0.0,0.0,0.0
atcoder/abc379_d,ROTATING_H,3,0,0,0.0,0.0,0.0
atcoder/abc374_c,A,3,3,0,1.0,1.0,1.0
atcoder/abc374_c,B,3,3,0,1.0,1.0,1.0
atcoder/abc374_c,D,3,3,0,1.0,1.0,1.0
atcoder/abc374_c,P,3,3,0,1.0,1.0,1.0
atcoder/abc374_c,FIXED_M,3,1,0,0.3333333333333333,0.3333333333333333,0.3333333333333333
atcoder/abc374_c,ROTATING_M,3,3,0,1.0,1.0,1.0
atcoder/abc374_c,FIXED_H,3,3,0,1.0,1.0,1.0
atcoder/abc374_c,ROTATING_H,3,3,0,1.0,1.0,1.0
atcoder/abc399_e,A,3,0,0,0.0,0.0,0.0
atcoder/abc399_e,B,3,0,0,0.0,0.0,0.0
atcoder/abc399_e,D,3,0,0,0.0,0.0,0.0
atcoder/abc399_e,P,3,0,0,0.0,0.0,0.0
atcoder/abc399_e,FIXED_M,3,0,0,0.0,0.0,0.0
atcoder/abc399_e,ROTATING_M,3,0,0,0.0,0.0,0.0
atcoder/abc399_e,FIXED_H,3,0,0,0.0,0.0,0.0
atcoder/abc399_e,ROTATING_H,3,0,0,0.0,0.0,0.0
leetcode/3777,A,3,0,0,0.0,0.0,0.0
leetcode/3777,B,3,0,0,0.0,0.0,0.0
leetcode/3777,D,3,0,0,0.0,0.0,0.0
leetcode/3777,P,3,0,0,0.0,0.0,0.0
leetcode/3777,FIXED_M,3,0,0,0.0,0.0,0.0
leetcode/3777,ROTATING_M,3,0,0,0.0,0.0,0.0
leetcode/3777,FIXED_H,3,0,0,0.0,0.0,0.0
leetcode/3777,ROTATING_H,3,0,0,0.0,0.0,0.0
leetcode/3605,A,3,3,0,1.0,1.0,1.0
leetcode/3605,B,3,0,0,0.0,0.0,0.0
leetcode/3605,D,3,3,0,1.0,1.0,1.0
leetcode/3605,P,3,0,0,0.0,0.0,0.0
leetcode/3605,FIXED_M,3,1,0,0.3333333333333333,0.3333333333333333,0.3333333333333333
leetcode/3605,ROTATING_M,3,2,0,0.6666666666666666,0.6666666666666666,0.6666666666666666
leetcode/3605,FIXED_H,3,3,0,1.0,1.0,1.0
leetcode/3605,ROTATING_H,3,3,0,1.0,1.0,1.0
atcoder/arc192_b,A,3,0,0,0.0,0.0,0.0
atcoder/arc192_b,B,3,0,0,0.0,0.0,0.0
atcoder/arc192_b,D,3,0,0,0.0,0.0,0.0
atcoder/arc192_b,P,3,0,0,0.0,0.0,0.0
atcoder/arc192_b,FIXED_M,3,0,0,0.0,0.0,0.0
atcoder/arc192_b,ROTATING_M,3,0,0,0.0,0.0,0.0
atcoder/arc192_b,FIXED_H,3,0,0,0.0,0.0,0.0
atcoder/arc192_b,ROTATING_H,3,0,0,0.0,0.0,0.0
atcoder/abc398_b,A,3,3,0,1.0,1.0,1.0
atcoder/abc398_b,B,3,0,0,0.0,0.0,0.0
atcoder/abc398_b,D,3,3,0,1.0,1.0,1.0
atcoder/abc398_b,P,3,2,0,0.6666666666666666,0.6666666666666666,0.6666666666666666
atcoder/abc398_b,FIXED_M,3,3,0,1.0,1.0,1.0
atcoder/abc398_b,ROTATING_M,3,3,0,1.0,1.0,1.0
atcoder/abc398_b,FIXED_H,3,3,0,1.0,1.0,1.0
atcoder/abc398_b,ROTATING_H,3,3,0,1.0,1.0,1.0
atcoder/abc391_b,A,3,3,0,1.0,1.0,1.0
atcoder/abc391_b,B,3,3,0,1.0,1.0,1.0
atcoder/abc391_b,D,3,3,0,1.0,1.0,1.0
atcoder/abc391_b,P,3,3,0,1.0,1.0,1.0
atcoder/abc391_b,FIXED_M,3,0,0,0.0,0.0,0.0
atcoder/abc391_b,ROTATING_M,3,2,0,0.6666666666666666,0.6666666666666666,0.6666666666666666
atcoder/abc391_b,FIXED_H,3,3,0,1.0,1.0,1.0
atcoder/abc391_b,ROTATING_H,3,3,0,1.0,1.0,1.0
atcoder/abc371_c,A,3,3,0,1.0,1.0,1.0
atcoder/abc371_c,B,3,3,0,1.0,1.0,1.0
atcoder/abc371_c,D,3,3,0,1.0,1.0,1.0
atcoder/abc371_c,P,3,0,0,0.0,0.0,0.0
atcoder/abc371_c,FIXED_M,3,0,0,0.0,0.0,0.0
atcoder/abc371_c,ROTATING_M,3,0,0,0.0,0.0,0.0
atcoder/abc371_c,FIXED_H,3,0,0,0.0,0.0,0.0
atcoder/abc371_c,ROTATING_H,3,2,0,0.6666666666666666,0.6666666666666666,0.6666666666666666
atcoder/abc393_a,A,3,3,0,1.0,1.0,1.0
atcoder/abc393_a,B,3,3,0,1.0,1.0,1.0
atcoder/abc393_a,D,3,3,0,1.0,1.0,1.0
atcoder/abc393_a,P,3,3,0,1.0,1.0,1.0
atcoder/abc393_a,FIXED_M,3,0,0,0.0,0.0,0.0
atcoder/abc393_a,ROTATING_M,3,0,0,0.0,0.0,0.0
atcoder/abc393_a,FIXED_H,3,1,0,0.3333333333333333,0.3333333333333333,0.3333333333333333
atcoder/abc393_a,ROTATING_H,3,2,0,0.6666666666666666,0.6666666666666666,0.6666666666666666
leetcode/3763,A,3,0,0,0.0,0.0,0.0
leetcode/3763,B,3,0,0,0.0,0.0,0.0
leetcode/3763,D,3,0,0,0.0,0.0,0.0
leetcode/3763,P,3,0,0,0.0,0.0,0.0
leetcode/3763,FIXED_M,3,0,0,0.0,0.0,0.0
leetcode/3763,ROTATING_M,3,0,0,0.0,0.0,0.0
leetcode/3763,FIXED_H,3,0,0,0.0,0.0,0.0
leetcode/3763,ROTATING_H,3,0,0,0.0,0.0,0.0
atcoder/abc400_g,A,3,0,0,0.0,0.0,0.0
atcoder/abc400_g,B,3,0,0,0.0,0.0,0.0
atcoder/abc400_g,D,3,0,0,0.0,0.0,0.0
atcoder/abc400_g,P,3,0,0,0.0,0.0,0.0
atcoder/abc400_g,FIXED_M,3,0,0,0.0,0.0,0.0
atcoder/abc400_g,ROTATING_M,3,0,0,0.0,0.0,0.0
atcoder/abc400_g,FIXED_H,3,0,0,0.0,0.0,0.0
atcoder/abc400_g,ROTATING_H,3,0,0,0.0,0.0,0.0
leetcode/3502,A,3,3,0,1.0,1.0,1.0
leetcode/3502,B,3,3,0,1.0,1.0,1.0
leetcode/3502,D,3,3,0,1.0,1.0,1.0
leetcode/3502,P,3,3,0,1.0,1.0,1.0
leetcode/3502,FIXED_M,3,1,0,0.3333333333333333,0.3333333333333333,0.3333333333333333
leetcode/3502,ROTATING_M,3,2,0,0.6666666666666666,0.6666666666666666,0.6666666666666666
leetcode/3502,FIXED_H,3,2,0,0.6666666666666666,0.6666666666666666,0.6666666666666666
leetcode/3502,ROTATING_H,3,3,0,1.0,1.0,1.0
atcoder/abc385_a,A,3,3,0,1.0,1.0,1.0
atcoder/abc385_a,B,3,3,0,1.0,1.0,1.0
atcoder/abc385_a,D,3,3,0,1.0,1.0,1.0
atcoder/abc385_a,P,3,0,0,0.0,0.0,0.0
atcoder/abc385_a,FIXED_M,3,2,0,0.6666666666666666,0.6666666666666666,0.6666666666666666
atcoder/abc385_a,ROTATING_M,3,3,0,1.0,1.0,1.0
atcoder/abc385_a,FIXED_H,3,2,0,0.6666666666666666,0.6666666666666666,0.6666666666666666
atcoder/abc385_a,ROTATING_H,3,3,0,1.0,1.0,1.0
atcoder/abc373_b,A,3,3,0,1.0,1.0,1.0
atcoder/abc373_b,B,3,3,0,1.0,1.0,1.0
atcoder/abc373_b,D,3,3,0,1.0,1.0,1.0
atcoder/abc373_b,P,3,3,0,1.0,1.0,1.0
atcoder/abc373_b,FIXED_M,3,3,0,1.0,1.0,1.0
atcoder/abc373_b,ROTATING_M,3,3,0,1.0,1.0,1.0
atcoder/abc373_b,FIXED_H,3,2,0,0.6666666666666666,0.6666666666666666,0.6666666666666666
atcoder/abc373_b,ROTATING_H,3,3,0,1.0,1.0,1.0
leetcode/3518,A,3,3,0,1.0,1.0,1.0
leetcode/3518,B,3,3,0,1.0,1.0,1.0
leetcode/3518,D,3,3,0,1.0,1.0,1.0
leetcode/3518,P,3,0,0,0.0,0.0,0.0
leetcode/3518,FIXED_M,3,0,0,0.0,0.0,0.0
leetcode/3518,ROTATING_M,3,0,0,0.0,0.0,0.0
leetcode/3518,FIXED_H,3,0,0,0.0,0.0,0.0
leetcode/3518,ROTATING_H,3,0,0,0.0,0.0,0.0
atcoder/abc377_b,A,3,3,0,1.0,1.0,1.0
atcoder/abc377_b,B,3,3,0,1.0,1.0,1.0
atcoder/abc377_b,D,3,3,0,1.0,1.0,1.0
atcoder/abc377_b,P,3,3,0,1.0,1.0,1.0
atcoder/abc377_b,FIXED_M,3,1,0,0.3333333333333333,0.3333333333333333,0.3333333333333333
atcoder/abc377_b,ROTATING_M,3,0,0,0.0,0.0,0.0
atcoder/abc377_b,FIXED_H,3,3,0,1.0,1.0,1.0
atcoder/abc377_b,ROTATING_H,3,3,0,1.0,1.0,1.0
leetcode/3832,A,3,3,0,1.0,1.0,1.0
leetcode/3832,B,3,3,0,1.0,1.0,1.0
leetcode/3832,D,3,3,0,1.0,1.0,1.0
leetcode/3832,P,3,0,0,0.0,0.0,0.0
leetcode/3832,FIXED_M,3,3,0,1.0,1.0,1.0
leetcode/3832,ROTATING_M,3,3,0,1.0,1.0,1.0
leetcode/3832,FIXED_H,3,3,0,1.0,1.0,1.0
leetcode/3832,ROTATING_H,3,3,0,1.0,1.0,1.0
atcoder/abc391_e,A,3,3,0,1.0,1.0,1.0
atcoder/abc391_e,B,3,0,0,0.0,0.0,0.0
atcoder/abc391_e,D,3,3,0,1.0,1.0,1.0
atcoder/abc391_e,P,3,0,0,0.0,0.0,0.0
atcoder/abc391_e,FIXED_M,3,0,0,0.0,0.0,0.0
atcoder/abc391_e,ROTATING_M,3,0,0,0.0,0.0,0.0
atcoder/abc391_e,FIXED_H,3,1,0,0.3333333333333333,0.3333333333333333,0.3333333333333333
atcoder/abc391_e,ROTATING_H,3,0,0,0.0,0.0,0.0
atcoder/abc368_c,A,3,3,0,1.0,1.0,1.0
atcoder/abc368_c,B,3,3,0,1.0,1.0,1.0
atcoder/abc368_c,D,3,3,0,1.0,1.0,1.0
atcoder/abc368_c,P,3,0,0,0.0,0.0,0.0
atcoder/abc368_c,FIXED_M,3,0,0,0.0,0.0,0.0
atcoder/abc368_c,ROTATING_M,3,2,0,0.6666666666666666,0.6666666666666666,0.6666666666666666
atcoder/abc368_c,FIXED_H,3,3,0,1.0,1.0,1.0
atcoder/abc368_c,ROTATING_H,3,1,0,0.3333333333333333,0.3333333333333333,0.3333333333333333
leetcode/3495,A,3,3,0,1.0,1.0,1.0
leetcode/3495,B,3,3,0,1.0,1.0,1.0
leetcode/3495,D,3,3,0,1.0,1.0,1.0
leetcode/3495,P,3,2,0,0.6666666666666666,0.6666666666666666,0.6666666666666666
leetcode/3495,FIXED_M,3,1,0,0.3333333333333333,0.3333333333333333,0.3333333333333333
leetcode/3495,ROTATING_M,3,0,0,0.0,0.0,0.0
leetcode/3495,FIXED_H,3,3,0,1.0,1.0,1.0
leetcode/3495,ROTATING_H,3,3,0,1.0,1.0,1.0
leetcode/3789,A,3,0,0,0.0,0.0,0.0
leetcode/3789,B,3,0,0,0.0,0.0,0.0
leetcode/3789,D,3,0,0,0.0,0.0,0.0
leetcode/3789,P,3,0,0,0.0,0.0,0.0
leetcode/3789,FIXED_M,3,0,0,0.0,0.0,0.0
leetcode/3789,ROTATING_M,3,0,0,0.0,0.0,0.0
leetcode/3789,FIXED_H,3,0,0,0.0,0.0,0.0
leetcode/3789,ROTATING_H,3,0,0,0.0,0.0,0.0
atcoder/arc185_b,A,3,0,0,0.0,0.0,0.0
atcoder/arc185_b,B,3,0,0,0.0,0.0,0.0
atcoder/arc185_b,D,3,0,0,0.0,0.0,0.0
atcoder/arc185_b,P,3,0,0,0.0,0.0,0.0
atcoder/arc185_b,FIXED_M,3,0,0,0.0,0.0,0.0
atcoder/arc185_b,ROTATING_M,3,0,0,0.0,0.0,0.0
atcoder/arc185_b,FIXED_H,3,0,0,0.0,0.0,0.0
atcoder/arc185_b,ROTATING_H,3,0,0,0.0,0.0,0.0
leetcode/3736,A,3,3,0,1.0,1.0,1.0
leetcode/3736,B,3,3,0,1.0,1.0,1.0
leetcode/3736,D,3,3,0,1.0,1.0,1.0
leetcode/3736,P,3,3,0,1.0,1.0,1.0
leetcode/3736,FIXED_M,3,1,0,0.3333333333333333,0.3333333333333333,0.3333333333333333
leetcode/3736,ROTATING_M,3,3,0,1.0,1.0,1.0
leetcode/3736,FIXED_H,3,3,0,1.0,1.0,1.0
leetcode/3736,ROTATING_H,3,3,0,1.0,1.0,1.0
atcoder/abc370_f,A,3,0,0,0.0,0.0,0.0
atcoder/abc370_f,B,3,0,0,0.0,0.0,0.0
atcoder/abc370_f,D,3,0,0,0.0,0.0,0.0
atcoder/abc370_f,P,3,0,0,0.0,0.0,0.0
atcoder/abc370_f,FIXED_M,3,0,0,0.0,0.0,0.0
atcoder/abc370_f,ROTATING_M,3,0,0,0.0,0.0,0.0
atcoder/abc370_f,FIXED_H,3,0,0,0.0,0.0,0.0
atcoder/abc370_f,ROTATING_H,3,0,0,0.0,0.0,0.0
atcoder/arc188_d,A,3,0,0,0.0,0.0,0.0
atcoder/arc188_d,B,3,0,0,0.0,0.0,0.0
atcoder/arc188_d,D,3,0,0,0.0,0.0,0.0
atcoder/arc188_d,P,3,0,0,0.0,0.0,0.0
atcoder/arc188_d,FIXED_M,3,0,0,0.0,0.0,0.0
atcoder/arc188_d,ROTATING_M,3,0,0,0.0,0.0,0.0
atcoder/arc188_d,FIXED_H,3,0,0,0.0,0.0,0.0
atcoder/arc188_d,ROTATING_H,3,0,0,0.0,0.0,0.0
leetcode/3788,A,3,0,0,0.0,0.0,0.0
leetcode/3788,B,3,0,0,0.0,0.0,0.0
leetcode/3788,D,3,0,0,0.0,0.0,0.0
leetcode/3788,P,3,0,0,0.0,0.0,0.0
leetcode/3788,FIXED_M,3,0,0,0.0,0.0,0.0
leetcode/3788,ROTATING_M,3,0,0,0.0,0.0,0.0
leetcode/3788,FIXED_H,3,0,0,0.0,0.0,0.0
leetcode/3788,ROTATING_H,3,0,0,0.0,0.0,0.0
atcoder/abc393_b,A,3,3,0,1.0,1.0,1.0
atcoder/abc393_b,B,3,3,0,1.0,1.0,1.0
atcoder/abc393_b,D,3,3,0,1.0,1.0,1.0
atcoder/abc393_b,P,3,0,0,0.0,0.0,0.0
atcoder/abc393_b,FIXED_M,3,3,0,1.0,1.0,1.0
atcoder/abc393_b,ROTATING_M,3,3,0,1.0,1.0,1.0
atcoder/abc393_b,FIXED_H,3,3,0,1.0,1.0,1.0
atcoder/abc393_b,ROTATING_H,3,3,0,1.0,1.0,1.0
leetcode/3682,A,3,3,0,1.0,1.0,1.0
leetcode/3682,B,3,3,0,1.0,1.0,1.0
leetcode/3682,D,3,3,0,1.0,1.0,1.0
leetcode/3682,P,3,0,0,0.0,0.0,0.0
leetcode/3682,FIXED_M,3,1,0,0.3333333333333333,0.3333333333333333,0.3333333333333333
leetcode/3682,ROTATING_M,3,0,0,0.0,0.0,0.0
leetcode/3682,FIXED_H,3,0,0,0.0,0.0,0.0
leetcode/3682,ROTATING_H,3,2,0,0.6666666666666666,0.6666666666666666,0.6666666666666666
leetcode/3744,A,3,3,0,1.0,1.0,1.0
leetcode/3744,B,3,3,0,1.0,1.0,1.0
leetcode/3744,D,3,3,0,1.0,1.0,1.0
leetcode/3744,P,3,0,0,0.0,0.0,0.0
leetcode/3744,FIXED_M,3,0,0,0.0,0.0,0.0
leetcode/3744,ROTATING_M,3,2,0,0.6666666666666666,0.6666666666666666,0.6666666666666666
leetcode/3744,FIXED_H,3,0,0,0.0,0.0,0.0
leetcode/3744,ROTATING_H,3,2,0,0.6666666666666666,0.6666666666666666,0.6666666666666666
atcoder/abc398_g,A,3,0,0,0.0,0.0,0.0
atcoder/abc398_g,B,3,0,0,0.0,0.0,0.0
atcoder/abc398_g,D,3,0,0,0.0,0.0,0.0
atcoder/abc398_g,P,3,0,0,0.0,0.0,0.0
atcoder/abc398_g,FIXED_M,3,0,0,0.0,0.0,0.0
atcoder/abc398_g,ROTATING_M,3,0,0,0.0,0.0,0.0
atcoder/abc398_g,FIXED_H,3,0,0,0.0,0.0,0.0
atcoder/abc398_g,ROTATING_H,3,0,0,0.0,0.0,0.0
atcoder/abc398_d,A,3,3,0,1.0,1.0,1.0
atcoder/abc398_d,B,3,0,0,0.0,0.0,0.0
atcoder/abc398_d,D,3,3,0,1.0,1.0,1.0
atcoder/abc398_d,P,3,0,0,0.0,0.0,0.0
atcoder/abc398_d,FIXED_M,3,0,0,0.0,0.0,0.0
atcoder/abc398_d,ROTATING_M,3,3,0,1.0,1.0,1.0
atcoder/abc398_d,FIXED_H,3,0,0,0.0,0.0,0.0
atcoder/abc398_d,ROTATING_H,3,1,0,0.3333333333333333,0.3333333333333333,0.3333333333333333
atcoder/arc181_a,A,3,0,0,0.0,0.0,0.0
atcoder/arc181_a,B,3,0,0,0.0,0.0,0.0
atcoder/arc181_a,D,3,0,0,0.0,0.0,0.0
atcoder/arc181_a,P,3,0,0,0.0,0.0,0.0
atcoder/arc181_a,FIXED_M,3,0,0,0.0,0.0,0.0
atcoder/arc181_a,ROTATING_M,3,0,0,0.0,0.0,0.0
atcoder/arc181_a,FIXED_H,3,0,0,0.0,0.0,0.0
atcoder/arc181_a,ROTATING_H,3,0,0,0.0,0.0,0.0
atcoder/abc374_b,A,3,3,0,1.0,1.0,1.0
atcoder/abc374_b,B,3,3,0,1.0,1.0,1.0
atcoder/abc374_b,D,3,3,0,1.0,1.0,1.0
atcoder/abc374_b,P,3,1,0,0.3333333333333333,0.3333333333333333,0.3333333333333333
atcoder/abc374_b,FIXED_M,3,1,0,0.3333333333333333,0.3333333333333333,0.3333333333333333
atcoder/abc374_b,ROTATING_M,3,2,0,0.6666666666666666,0.6666666666666666,0.6666666666666666
atcoder/abc374_b,FIXED_H,3,2,0,0.6666666666666666,0.6666666666666666,0.6666666666666666
atcoder/abc374_b,ROTATING_H,3,1,0,0.3333333333333333,0.3333333333333333,0.3333333333333333
atcoder/abc372_g,A,3,0,0,0.0,0.0,0.0
atcoder/abc372_g,B,3,0,0,0.0,0.0,0.0
atcoder/abc372_g,D,3,0,0,0.0,0.0,0.0
atcoder/abc372_g,P,3,0,0,0.0,0.0,0.0
atcoder/abc372_g,FIXED_M,3,0,0,0.0,0.0,0.0
atcoder/abc372_g,ROTATING_M,3,0,0,0.0,0.0,0.0
atcoder/abc372_g,FIXED_H,3,0,0,0.0,0.0,0.0
atcoder/abc372_g,ROTATING_H,3,0,0,0.0,0.0,0.0
atcoder/arc194_d,A,3,0,0,0.0,0.0,0.0
atcoder/arc194_d,B,3,0,0,0.0,0.0,0.0
atcoder/arc194_d,D,3,0,0,0.0,0.0,0.0
atcoder/arc194_d,P,3,0,0,0.0,0.0,0.0
atcoder/arc194_d,FIXED_M,3,0,0,0.0,0.0,0.0
atcoder/arc194_d,ROTATING_M,3,0,0,0.0,0.0,0.0
atcoder/arc194_d,FIXED_H,3,0,0,0.0,0.0,0.0
atcoder/arc194_d,ROTATING_H,3,0,0,0.0,0.0,0.0
leetcode/3751,A,3,0,0,0.0,0.0,0.0
leetcode/3751,B,3,3,0,1.0,1.0,1.0
leetcode/3751,D,3,0,0,0.0,0.0,0.0
leetcode/3751,P,3,0,0,0.0,0.0,0.0
leetcode/3751,FIXED_M,3,0,0,0.0,0.0,0.0
leetcode/3751,ROTATING_M,3,0,0,0.0,0.0,0.0
leetcode/3751,FIXED_H,3,0,0,0.0,0.0,0.0
leetcode/3751,ROTATING_H,3,0,0,0.0,0.0,0.0
atcoder/arc193_a,A,3,0,0,0.0,0.0,0.0
atcoder/arc193_a,B,3,1,0,0.3333333333333333,0.3333333333333333,0.3333333333333333
atcoder/arc193_a,D,3,0,0,0.0,0.0,0.0
atcoder/arc193_a,P,3,1,0,0.3333333333333333,0.3333333333333333,0.3333333333333333
atcoder/arc193_a,FIXED_M,3,0,0,0.0,0.0,0.0
atcoder/arc193_a,ROTATING_M,3,0,0,0.0,0.0,0.0
atcoder/arc193_a,FIXED_H,3,0,0,0.0,0.0,0.0
atcoder/arc193_a,ROTATING_H,3,0,0,0.0,0.0,0.0
atcoder/abc377_d,A,3,3,0,1.0,1.0,1.0
atcoder/abc377_d,B,3,3,0,1.0,1.0,1.0
atcoder/abc377_d,D,3,3,0,1.0,1.0,1.0
atcoder/abc377_d,P,3,0,0,0.0,0.0,0.0
atcoder/abc377_d,FIXED_M,3,0,0,0.0,0.0,0.0
atcoder/abc377_d,ROTATING_M,3,0,0,0.0,0.0,0.0
atcoder/abc377_d,FIXED_H,3,2,0,0.6666666666666666,0.6666666666666666,0.6666666666666666
atcoder/abc377_d,ROTATING_H,3,0,0,0.0,0.0,0.0
atcoder/abc377_a,A,3,3,0,1.0,1.0,1.0
atcoder/abc377_a,B,3,3,0,1.0,1.0,1.0
atcoder/abc377_a,D,3,3,0,1.0,1.0,1.0
atcoder/abc377_a,P,3,2,0,0.6666666666666666,0.6666666666666666,0.6666666666666666
atcoder/abc377_a,FIXED_M,3,3,0,1.0,1.0,1.0
atcoder/abc377_a,ROTATING_M,3,3,0,1.0,1.0,1.0
atcoder/abc377_a,FIXED_H,3,3,0,1.0,1.0,1.0
atcoder/abc377_a,ROTATING_H,3,3,0,1.0,1.0,1.0
atcoder/abc393_f,A,3,3,0,1.0,1.0,1.0
atcoder/abc393_f,B,3,3,0,1.0,1.0,1.0
atcoder/abc393_f,D,3,3,0,1.0,1.0,1.0
atcoder/abc393_f,P,3,0,0,0.0,0.0,0.0
atcoder/abc393_f,FIXED_M,3,0,0,0.0,0.0,0.0
atcoder/abc393_f,ROTATING_M,3,2,0,0.6666666666666666,0.6666666666666666,0.6666666666666666
atcoder/abc393_f,FIXED_H,3,1,0,0.3333333333333333,0.3333333333333333,0.3333333333333333
atcoder/abc393_f,ROTATING_H,3,3,0,1.0,1.0,1.0
atcoder/abc390_e,A,3,3,0,1.0,1.0,1.0
atcoder/abc390_e,B,3,0,0,0.0,0.0,0.0
atcoder/abc390_e,D,3,3,0,1.0,1.0,1.0
atcoder/abc390_e,P,3,0,0,0.0,0.0,0.0
atcoder/abc390_e,FIXED_M,3,0,0,0.0,0.0,0.0
atcoder/abc390_e,ROTATING_M,3,0,0,0.0,0.0,0.0
atcoder/abc390_e,FIXED_H,3,0,0,0.0,0.0,0.0
atcoder/abc390_e,ROTATING_H,3,2,0,0.6666666666666666,0.6666666666666666,0.6666666666666666
atcoder/abc394_g,A,3,0,0,0.0,0.0,0.0
atcoder/abc394_g,B,3,3,0,1.0,1.0,1.0
atcoder/abc394_g,D,3,0,0,0.0,0.0,0.0
atcoder/abc394_g,P,3,0,0,0.0,0.0,0.0
atcoder/abc394_g,FIXED_M,3,0,0,0.0,0.0,0.0
atcoder/abc394_g,ROTATING_M,3,0,0,0.0,0.0,0.0
atcoder/abc394_g,FIXED_H,3,0,0,0.0,0.0,0.0
atcoder/abc394_g,ROTATING_H,3,0,0,0.0,0.0,0.0
atcoder/abc398_a,A,3,3,0,1.0,1.0,1.0
atcoder/abc398_a,B,3,3,0,1.0,1.0,1.0
atcoder/abc398_a,D,3,3,0,1.0,1.0,1.0
atcoder/abc398_a,P,3,1,0,0.3333333333333333,0.3333333333333333,0.3333333333333333
atcoder/abc398_a,FIXED_M,3,1,0,0.3333333333333333,0.3333333333333333,0.3333333333333333
atcoder/abc398_a,ROTATING_M,3,2,0,0.6666666666666666,0.6666666666666666,0.6666666666666666
atcoder/abc398_a,FIXED_H,3,2,0,0.6666666666666666,0.6666666666666666,0.6666666666666666
atcoder/abc398_a,ROTATING_H,3,3,0,1.0,1.0,1.0
leetcode/3811,A,3,3,0,1.0,1.0,1.0
leetcode/3811,B,3,3,0,1.0,1.0,1.0
leetcode/3811,D,3,3,0,1.0,1.0,1.0
leetcode/3811,P,3,2,0,0.6666666666666666,0.6666666666666666,0.6666666666666666
leetcode/3811,FIXED_M,3,2,0,0.6666666666666666,0.6666666666666666,0.6666666666666666
leetcode/3811,ROTATING_M,3,2,0,0.6666666666666666,0.6666666666666666,0.6666666666666666
leetcode/3811,FIXED_H,3,3,0,1.0,1.0,1.0
leetcode/3811,ROTATING_H,3,3,0,1.0,1.0,1.0
atcoder/abc368_g,A,3,0,0,0.0,0.0,0.0
atcoder/abc368_g,B,3,0,0,0.0,0.0,0.0
atcoder/abc368_g,D,3,0,0,0.0,0.0,0.0
atcoder/abc368_g,P,3,0,0,0.0,0.0,0.0
atcoder/abc368_g,FIXED_M,3,0,0,0.0,0.0,0.0
atcoder/abc368_g,ROTATING_M,3,0,0,0.0,0.0,0.0
atcoder/abc368_g,FIXED_H,3,0,0,0.0,0.0,0.0
atcoder/abc368_g,ROTATING_H,3,0,0,0.0,0.0,0.0
atcoder/abc366_d,A,3,3,0,1.0,1.0,1.0
atcoder/abc366_d,B,3,3,0,1.0,1.0,1.0
atcoder/abc366_d,D,3,3,0,1.0,1.0,1.0
atcoder/abc366_d,P,3,2,0,0.6666666666666666,0.6666666666666666,0.6666666666666666
atcoder/abc366_d,FIXED_M,3,0,0,0.0,0.0,0.0
atcoder/abc366_d,ROTATING_M,3,0,0,0.0,0.0,0.0
atcoder/abc366_d,FIXED_H,3,0,0,0.0,0.0,0.0
atcoder/abc366_d,ROTATING_H,3,0,0,0.0,0.0,0.0
atcoder/arc188_a,A,3,0,0,0.0,0.0,0.0
atcoder/arc188_a,B,3,0,0,0.0,0.0,0.0
atcoder/arc188_a,D,3,0,0,0.0,0.0,0.0
atcoder/arc188_a,P,3,0,0,0.0,0.0,0.0
atcoder/arc188_a,FIXED_M,3,0,0,0.0,0.0,0.0
atcoder/arc188_a,ROTATING_M,3,0,0,0.0,0.0,0.0
atcoder/arc188_a,FIXED_H,3,0,0,0.0,0.0,0.0
atcoder/arc188_a,ROTATING_H,3,0,0,0.0,0.0,0.0
leetcode/3543,A,3,3,0,1.0,1.0,1.0
leetcode/3543,B,3,3,0,1.0,1.0,1.0
leetcode/3543,D,3,3,0,1.0,1.0,1.0
leetcode/3543,P,3,3,0,1.0,1.0,1.0
leetcode/3543,FIXED_M,3,1,0,0.3333333333333333,0.3333333333333333,0.3333333333333333
leetcode/3543,ROTATING_M,3,1,0,0.3333333333333333,0.3333333333333333,0.3333333333333333
leetcode/3543,FIXED_H,3,3,0,1.0,1.0,1.0
leetcode/3543,ROTATING_H,3,3,0,1.0,1.0,1.0
atcoder/abc388_e,A,3,3,0,1.0,1.0,1.0
atcoder/abc388_e,B,3,0,0,0.0,0.0,0.0
atcoder/abc388_e,D,3,3,0,1.0,1.0,1.0
atcoder/abc388_e,P,3,0,0,0.0,0.0,0.0
atcoder/abc388_e,FIXED_M,3,3,0,1.0,1.0,1.0
atcoder/abc388_e,ROTATING_M,3,3,0,1.0,1.0,1.0
atcoder/abc388_e,FIXED_H,3,1,0,0.3333333333333333,0.3333333333333333,0.3333333333333333
atcoder/abc388_e,ROTATING_H,3,3,0,1.0,1.0,1.0
atcoder/arc187_b,A,3,0,0,0.0,0.0,0.0
atcoder/arc187_b,B,3,0,0,0.0,0.0,0.0
atcoder/arc187_b,D,3,0,0,0.0,0.0,0.0
atcoder/arc187_b,P,3,0,0,0.0,0.0,0.0
atcoder/arc187_b,FIXED_M,3,0,0,0.0,0.0,0.0
atcoder/arc187_b,ROTATING_M,3,0,0,0.0,0.0,0.0
atcoder/arc187_b,FIXED_H,3,0,0,0.0,0.0,0.0
atcoder/arc187_b,ROTATING_H,3,0,0,0.0,0.0,0.0
leetcode/3649,A,3,3,0,1.0,1.0,1.0
leetcode/3649,B,3,3,0,1.0,1.0,1.0
leetcode/3649,D,3,3,0,1.0,1.0,1.0
leetcode/3649,P,3,0,0,0.0,0.0,0.0
leetcode/3649,FIXED_M,3,1,0,0.3333333333333333,0.3333333333333333,0.3333333333333333
leetcode/3649,ROTATING_M,3,2,0,0.6666666666666666,0.6666666666666666,0.6666666666666666
leetcode/3649,FIXED_H,3,3,0,1.0,1.0,1.0
leetcode/3649,ROTATING_H,3,3,0,1.0,1.0,1.0
atcoder/abc375_a,A,3,3,0,1.0,1.0,1.0
atcoder/abc375_a,B,3,3,0,1.0,1.0,1.0
atcoder/abc375_a,D,3,3,0,1.0,1.0,1.0
atcoder/abc375_a,P,3,3,0,1.0,1.0,1.0
atcoder/abc375_a,FIXED_M,3,0,0,0.0,0.0,0.0
atcoder/abc375_a,ROTATING_M,3,0,0,0.0,0.0,0.0
atcoder/abc375_a,FIXED_H,3,3,0,1.0,1.0,1.0
atcoder/abc375_a,ROTATING_H,3,3,0,1.0,1.0,1.0
atcoder/arc188_c,A,3,0,0,0.0,0.0,0.0
atcoder/arc188_c,B,3,0,0,0.0,0.0,0.0
atcoder/arc188_c,D,3,0,0,0.0,0.0,0.0
atcoder/arc188_c,P,3,0,0,0.0,0.0,0.0
atcoder/arc188_c,FIXED_M,3,0,0,0.0,0.0,0.0
atcoder/arc188_c,ROTATING_M,3,0,0,0.0,0.0,0.0
atcoder/arc188_c,FIXED_H,3,0,0,0.0,0.0,0.0
atcoder/arc188_c,ROTATING_H,3,0,0,0.0,0.0,0.0
leetcode/3785,A,3,3,0,1.0,1.0,1.0
leetcode/3785,B,3,3,0,1.0,1.0,1.0
leetcode/3785,D,3,3,0,1.0,1.0,1.0
leetcode/3785,P,3,2,0,0.6666666666666666,0.6666666666666666,0.6666666666666666
leetcode/3785,FIXED_M,3,3,0,1.0,1.0,1.0
leetcode/3785,ROTATING_M,3,3,0,1.0,1.0,1.0
leetcode/3785,FIXED_H,3,0,0,0.0,0.0,0.0
leetcode/3785,ROTATING_H,3,3,0,1.0,1.0,1.0
atcoder/abc385_f,A,3,0,0,0.0,0.0,0.0
atcoder/abc385_f,B,3,0,0,0.0,0.0,0.0
atcoder/abc385_f,D,3,0,0,0.0,0.0,0.0
atcoder/abc385_f,P,3,0,0,0.0,0.0,0.0
atcoder/abc385_f,FIXED_M,3,0,0,0.0,0.0,0.0
atcoder/abc385_f,ROTATING_M,3,0,0,0.0,0.0,0.0
atcoder/abc385_f,FIXED_H,3,0,0,0.0,0.0,0.0
atcoder/abc385_f,ROTATING_H,3,0,0,0.0,0.0,0.0
atcoder/arc189_b,A,3,0,0,0.0,0.0,0.0
atcoder/arc189_b,B,3,0,0,0.0,0.0,0.0
atcoder/arc189_b,D,3,0,0,0.0,0.0,0.0
atcoder/arc189_b,P,3,0,0,0.0,0.0,0.0
atcoder/arc189_b,FIXED_M,3,0,0,0.0,0.0,0.0
atcoder/arc189_b,ROTATING_M,3,0,0,0.0,0.0,0.0
atcoder/arc189_b,FIXED_H,3,0,0,0.0,0.0,0.0
atcoder/arc189_b,ROTATING_H,3,0,0,0.0,0.0,0.0
leetcode/3784,A,3,0,0,0.0,0.0,0.0
leetcode/3784,B,3,0,0,0.0,0.0,0.0
leetcode/3784,D,3,0,0,0.0,0.0,0.0
leetcode/3784,P,3,0,0,0.0,0.0,0.0
leetcode/3784,FIXED_M,3,0,0,0.0,0.0,0.0
leetcode/3784,ROTATING_M,3,0,0,0.0,0.0,0.0
leetcode/3784,FIXED_H,3,0,0,0.0,0.0,0.0
leetcode/3784,ROTATING_H,3,0,0,0.0,0.0,0.0
leetcode/3709,A,3,3,0,1.0,1.0,1.0
leetcode/3709,B,3,3,0,1.0,1.0,1.0
leetcode/3709,D,3,3,0,1.0,1.0,1.0
leetcode/3709,P,3,3,0,1.0,1.0,1.0
leetcode/3709,FIXED_M,3,1,0,0.3333333333333333,0.3333333333333333,0.3333333333333333
leetcode/3709,ROTATING_M,3,3,0,1.0,1.0,1.0
leetcode/3709,FIXED_H,3,3,0,1.0,1.0,1.0
leetcode/3709,ROTATING_H,3,3,0,1.0,1.0,1.0
leetcode/3656,A,3,3,0,1.0,1.0,1.0
leetcode/3656,B,3,3,0,1.0,1.0,1.0
leetcode/3656,D,3,3,0,1.0,1.0,1.0
leetcode/3656,P,3,1,0,0.3333333333333333,0.3333333333333333,0.3333333333333333
leetcode/3656,FIXED_M,3,3,0,1.0,1.0,1.0
leetcode/3656,ROTATING_M,3,3,0,1.0,1.0,1.0
leetcode/3656,FIXED_H,3,3,0,1.0,1.0,1.0
leetcode/3656,ROTATING_H,3,3,0,1.0,1.0,1.0
atcoder/arc196_c,A,3,0,0,0.0,0.0,0.0
atcoder/arc196_c,B,3,0,0,0.0,0.0,0.0
atcoder/arc196_c,D,3,0,0,0.0,0.0,0.0
atcoder/arc196_c,P,3,0,0,0.0,0.0,0.0
atcoder/arc196_c,FIXED_M,3,0,0,0.0,0.0,0.0
atcoder/arc196_c,ROTATING_M,3,0,0,0.0,0.0,0.0
atcoder/arc196_c,FIXED_H,3,0,0,0.0,0.0,0.0
atcoder/arc196_c,ROTATING_H,3,0,0,0.0,0.0,0.0
atcoder/abc373_c,A,3,3,0,1.0,1.0,1.0
atcoder/abc373_c,B,3,3,0,1.0,1.0,1.0
atcoder/abc373_c,D,3,3,0,1.0,1.0,1.0
atcoder/abc373_c,P,3,3,0,1.0,1.0,1.0
atcoder/abc373_c,FIXED_M,3,3,0,1.0,1.0,1.0
atcoder/abc373_c,ROTATING_M,3,3,0,1.0,1.0,1.0
atcoder/abc373_c,FIXED_H,3,3,0,1.0,1.0,1.0
atcoder/abc373_c,ROTATING_H,3,3,0,1.0,1.0,1.0
atcoder/abc379_c,A,3,3,0,1.0,1.0,1.0
atcoder/abc379_c,B,3,0,0,0.0,0.0,0.0
atcoder/abc379_c,D,3,3,0,1.0,1.0,1.0
atcoder/abc379_c,P,3,0,0,0.0,0.0,0.0
atcoder/abc379_c,FIXED_M,3,0,0,0.0,0.0,0.0
atcoder/abc379_c,ROTATING_M,3,0,0,0.0,0.0,0.0
atcoder/abc379_c,FIXED_H,3,3,0,1.0,1.0,1.0
atcoder/abc379_c,ROTATING_H,3,3,0,1.0,1.0,1.0
atcoder/abc396_f,A,3,0,0,0.0,0.0,0.0
atcoder/abc396_f,B,3,0,0,0.0,0.0,0.0
atcoder/abc396_f,D,3,0,0,0.0,0.0,0.0
atcoder/abc396_f,P,3,0,0,0.0,0.0,0.0
atcoder/abc396_f,FIXED_M,3,0,0,0.0,0.0,0.0
atcoder/abc396_f,ROTATING_M,3,0,0,0.0,0.0,0.0
atcoder/abc396_f,FIXED_H,3,0,0,0.0,0.0,0.0
atcoder/abc396_f,ROTATING_H,3,0,0,0.0,0.0,0.0
leetcode/3627,A,3,3,0,1.0,1.0,1.0
leetcode/3627,B,3,3,0,1.0,1.0,1.0
leetcode/3627,D,3,3,0,1.0,1.0,1.0
leetcode/3627,P,3,0,0,0.0,0.0,0.0
leetcode/3627,FIXED_M,3,0,0,0.0,0.0,0.0
leetcode/3627,ROTATING_M,3,0,0,0.0,0.0,0.0
leetcode/3627,FIXED_H,3,0,0,0.0,0.0,0.0
leetcode/3627,ROTATING_H,3,0,0,0.0,0.0,0.0
atcoder/arc189_c,A,3,0,0,0.0,0.0,0.0
atcoder/arc189_c,B,3,0,0,0.0,0.0,0.0
atcoder/arc189_c,D,3,0,0,0.0,0.0,0.0
atcoder/arc189_c,P,3,0,0,0.0,0.0,0.0
atcoder/arc189_c,FIXED_M,3,0,0,0.0,0.0,0.0
atcoder/arc189_c,ROTATING_M,3,0,0,0.0,0.0,0.0
atcoder/arc189_c,FIXED_H,3,0,0,0.0,0.0,0.0
atcoder/arc189_c,ROTATING_H,3,0,0,0.0,0.0,0.0
atcoder/abc381_e,A,3,3,0,1.0,1.0,1.0
atcoder/abc381_e,B,3,3,0,1.0,1.0,1.0
atcoder/abc381_e,D,3,3,0,1.0,1.0,1.0
atcoder/abc381_e,P,3,0,0,0.0,0.0,0.0
atcoder/abc381_e,FIXED_M,3,0,0,0.0,0.0,0.0
atcoder/abc381_e,ROTATING_M,3,0,0,0.0,0.0,0.0
atcoder/abc381_e,FIXED_H,3,0,0,0.0,0.0,0.0
atcoder/abc381_e,ROTATING_H,3,1,0,0.3333333333333333,0.3333333333333333,0.3333333333333333
atcoder/abc386_e,A,3,3,0,1.0,1.0,1.0
atcoder/abc386_e,B,3,3,0,1.0,1.0,1.0
atcoder/abc386_e,D,3,3,0,1.0,1.0,1.0
atcoder/abc386_e,P,3,3,0,1.0,1.0,1.0
atcoder/abc386_e,FIXED_M,3,3,0,1.0,1.0,1.0
atcoder/abc386_e,ROTATING_M,3,3,0,1.0,1.0,1.0
atcoder/abc386_e,FIXED_H,3,3,0,1.0,1.0,1.0
atcoder/abc386_e,ROTATING_H,3,3,0,1.0,1.0,1.0
leetcode/3535,A,3,3,0,1.0,1.0,1.0
leetcode/3535,B,3,3,0,1.0,1.0,1.0
leetcode/3535,D,3,3,0,1.0,1.0,1.0
leetcode/3535,P,3,0,0,0.0,0.0,0.0
leetcode/3535,FIXED_M,3,0,0,0.0,0.0,0.0
leetcode/3535,ROTATING_M,3,0,0,0.0,0.0,0.0
leetcode/3535,FIXED_H,3,0,0,0.0,0.0,0.0
leetcode/3535,ROTATING_H,3,0,0,0.0,0.0,0.0
leetcode/3552,A,3,0,0,0.0,0.0,0.0
leetcode/3552,B,3,0,0,0.0,0.0,0.0
leetcode/3552,D,3,0,0,0.0,0.0,0.0
leetcode/3552,P,3,0,0,0.0,0.0,0.0
leetcode/3552,FIXED_M,3,0,0,0.0,0.0,0.0
leetcode/3552,ROTATING_M,3,0,0,0.0,0.0,0.0
leetcode/3552,FIXED_H,3,0,0,0.0,0.0,0.0
leetcode/3552,ROTATING_H,3,0,0,0.0,0.0,0.0
leetcode/3527,A,3,0,0,0.0,0.0,0.0
leetcode/3527,B,3,0,0,0.0,0.0,0.0
leetcode/3527,D,3,0,0,0.0,0.0,0.0
leetcode/3527,P,3,0,0,0.0,0.0,0.0
leetcode/3527,FIXED_M,3,0,0,0.0,0.0,0.0
leetcode/3527,ROTATING_M,3,0,0,0.0,0.0,0.0
leetcode/3527,FIXED_H,3,0,0,0.0,0.0,0.0
leetcode/3527,ROTATING_H,3,0,0,0.0,0.0,0.0
atcoder/abc373_a,A,3,3,0,1.0,1.0,1.0
atcoder/abc373_a,B,3,3,0,1.0,1.0,1.0
atcoder/abc373_a,D,3,3,0,1.0,1.0,1.0
atcoder/abc373_a,P,3,3,0,1.0,1.0,1.0
atcoder/abc373_a,FIXED_M,3,0,0,0.0,0.0,0.0
atcoder/abc373_a,ROTATING_M,3,2,0,0.6666666666666666,0.6666666666666666,0.6666666666666666
atcoder/abc373_a,FIXED_H,3,3,0,1.0,1.0,1.0
atcoder/abc373_a,ROTATING_H,3,3,0,1.0,1.0,1.0
leetcode/3588,A,3,3,0,1.0,1.0,1.0
leetcode/3588,B,3,3,0,1.0,1.0,1.0
leetcode/3588,D,3,3,0,1.0,1.0,1.0
leetcode/3588,P,3,0,0,0.0,0.0,0.0
leetcode/3588,FIXED_M,3,0,0,0.0,0.0,0.0
leetcode/3588,ROTATING_M,3,0,0,0.0,0.0,0.0
leetcode/3588,FIXED_H,3,0,0,0.0,0.0,0.0
leetcode/3588,ROTATING_H,3,0,0,0.0,0.0,0.0
atcoder/abc378_g,A,3,0,0,0.0,0.0,0.0
atcoder/abc378_g,B,3,0,0,0.0,0.0,0.0
atcoder/abc378_g,D,3,0,0,0.0,0.0,0.0
atcoder/abc378_g,P,3,0,0,0.0,0.0,0.0
atcoder/abc378_g,FIXED_M,3,0,0,0.0,0.0,0.0
atcoder/abc378_g,ROTATING_M,3,0,0,0.0,0.0,0.0
atcoder/abc378_g,FIXED_H,3,0,0,0.0,0.0,0.0
atcoder/abc378_g,ROTATING_H,3,0,0,0.0,0.0,0.0
atcoder/abc366_c,A,3,3,0,1.0,1.0,1.0
atcoder/abc366_c,B,3,3,0,1.0,1.0,1.0
atcoder/abc366_c,D,3,3,0,1.0,1.0,1.0
atcoder/abc366_c,P,3,3,0,1.0,1.0,1.0
atcoder/abc366_c,FIXED_M,3,0,0,0.0,0.0,0.0
atcoder/abc366_c,ROTATING_M,3,0,0,0.0,0.0,0.0
atcoder/abc366_c,FIXED_H,3,3,0,1.0,1.0,1.0
atcoder/abc366_c,ROTATING_H,3,3,0,1.0,1.0,1.0
leetcode/3701,A,3,0,0,0.0,0.0,0.0
leetcode/3701,B,3,0,0,0.0,0.0,0.0
leetcode/3701,D,3,0,0,0.0,0.0,0.0
leetcode/3701,P,3,0,0,0.0,0.0,0.0
leetcode/3701,FIXED_M,3,0,0,0.0,0.0,0.0
leetcode/3701,ROTATING_M,3,0,0,0.0,0.0,0.0
leetcode/3701,FIXED_H,3,0,0,0.0,0.0,0.0
leetcode/3701,ROTATING_H,3,0,0,0.0,0.0,0.0
atcoder/abc377_c,A,3,3,0,1.0,1.0,1.0
atcoder/abc377_c,B,3,3,0,1.0,1.0,1.0
atcoder/abc377_c,D,3,3,0,1.0,1.0,1.0
atcoder/abc377_c,P,3,0,0,0.0,0.0,0.0
atcoder/abc377_c,FIXED_M,3,0,0,0.0,0.0,0.0
atcoder/abc377_c,ROTATING_M,3,0,0,0.0,0.0,0.0
atcoder/abc377_c,FIXED_H,3,0,0,0.0,0.0,0.0
atcoder/abc377_c,ROTATING_H,3,1,0,0.3333333333333333,0.3333333333333333,0.3333333333333333
leetcode/3778,A,3,3,0,1.0,1.0,1.0
leetcode/3778,B,3,3,0,1.0,1.0,1.0
leetcode/3778,D,3,3,0,1.0,1.0,1.0
leetcode/3778,P,3,3,0,1.0,1.0,1.0
leetcode/3778,FIXED_M,3,3,0,1.0,1.0,1.0
leetcode/3778,ROTATING_M,3,3,0,1.0,1.0,1.0
leetcode/3778,FIXED_H,3,3,0,1.0,1.0,1.0
leetcode/3778,ROTATING_H,3,3,0,1.0,1.0,1.0
atcoder/abc396_c,A,3,3,0,1.0,1.0,1.0
atcoder/abc396_c,B,3,3,0,1.0,1.0,1.0
atcoder/abc396_c,D,3,3,0,1.0,1.0,1.0
atcoder/abc396_c,P,3,0,0,0.0,0.0,0.0
atcoder/abc396_c,FIXED_M,3,0,0,0.0,0.0,0.0
atcoder/abc396_c,ROTATING_M,3,0,0,0.0,0.0,0.0
atcoder/abc396_c,FIXED_H,3,0,0,0.0,0.0,0.0
atcoder/abc396_c,ROTATING_H,3,0,0,0.0,0.0,0.0
leetcode/3764,A,3,3,0,1.0,1.0,1.0
leetcode/3764,B,3,3,0,1.0,1.0,1.0
leetcode/3764,D,3,3,0,1.0,1.0,1.0
leetcode/3764,P,3,3,0,1.0,1.0,1.0
leetcode/3764,FIXED_M,3,0,0,0.0,0.0,0.0
leetcode/3764,ROTATING_M,3,0,0,0.0,0.0,0.0
leetcode/3764,FIXED_H,3,2,0,0.6666666666666666,0.6666666666666666,0.6666666666666666
leetcode/3764,ROTATING_H,3,0,0,0.0,0.0,0.0
leetcode/3754,A,3,0,0,0.0,0.0,0.0
leetcode/3754,B,3,3,0,1.0,1.0,1.0
leetcode/3754,D,3,0,0,0.0,0.0,0.0
leetcode/3754,P,3,0,0,0.0,0.0,0.0
leetcode/3754,FIXED_M,3,0,0,0.0,0.0,0.0
leetcode/3754,ROTATING_M,3,0,0,0.0,0.0,0.0
leetcode/3754,FIXED_H,3,0,0,0.0,0.0,0.0
leetcode/3754,ROTATING_H,3,0,0,0.0,0.0,0.0
leetcode/3794,A,3,0,0,0.0,0.0,0.0
leetcode/3794,B,3,0,0,0.0,0.0,0.0
leetcode/3794,D,3,0,0,0.0,0.0,0.0
leetcode/3794,P,3,0,0,0.0,0.0,0.0
leetcode/3794,FIXED_M,3,0,0,0.0,0.0,0.0
leetcode/3794,ROTATING_M,3,0,0,0.0,0.0,0.0
leetcode/3794,FIXED_H,3,0,0,0.0,0.0,0.0
leetcode/3794,ROTATING_H,3,0,0,0.0,0.0,0.0
atcoder/abc387_a,A,3,3,0,1.0,1.0,1.0
atcoder/abc387_a,B,3,3,0,1.0,1.0,1.0
atcoder/abc387_a,D,3,3,0,1.0,1.0,1.0
atcoder/abc387_a,P,3,3,0,1.0,1.0,1.0
atcoder/abc387_a,FIXED_M,3,3,0,1.0,1.0,1.0
atcoder/abc387_a,ROTATING_M,3,3,0,1.0,1.0,1.0
atcoder/abc387_a,FIXED_H,3,3,0,1.0,1.0,1.0
atcoder/abc387_a,ROTATING_H,3,3,0,1.0,1.0,1.0
atcoder/abc369_a,A,3,3,0,1.0,1.0,1.0
atcoder/abc369_a,B,3,3,0,1.0,1.0,1.0
atcoder/abc369_a,D,3,3,0,1.0,1.0,1.0
atcoder/abc369_a,P,3,0,0,0.0,0.0,0.0
atcoder/abc369_a,FIXED_M,3,3,0,1.0,1.0,1.0
atcoder/abc369_a,ROTATING_M,3,3,0,1.0,1.0,1.0
atcoder/abc369_a,FIXED_H,3,3,0,1.0,1.0,1.0
atcoder/abc369_a,ROTATING_H,3,3,0,1.0,1.0,1.0
leetcode/3532,A,3,0,0,0.0,0.0,0.0
leetcode/3532,B,3,0,0,0.0,0.0,0.0
leetcode/3532,D,3,0,0,0.0,0.0,0.0
leetcode/3532,P,3,0,0,0.0,0.0,0.0
leetcode/3532,FIXED_M,3,0,0,0.0,0.0,0.0
leetcode/3532,ROTATING_M,3,0,0,0.0,0.0,0.0
leetcode/3532,FIXED_H,3,0,0,0.0,0.0,0.0
leetcode/3532,ROTATING_H,3,0,0,0.0,0.0,0.0
leetcode/3793,A,3,3,0,1.0,1.0,1.0
leetcode/3793,B,3,3,0,1.0,1.0,1.0
leetcode/3793,D,3,3,0,1.0,1.0,1.0
leetcode/3793,P,3,0,0,0.0,0.0,0.0
leetcode/3793,FIXED_M,3,2,0,0.6666666666666666,0.6666666666666666,0.6666666666666666
leetcode/3793,ROTATING_M,3,3,0,1.0,1.0,1.0
leetcode/3793,FIXED_H,3,3,0,1.0,1.0,1.0
leetcode/3793,ROTATING_H,3,3,0,1.0,1.0,1.0
leetcode/3781,A,3,0,0,0.0,0.0,0.0
leetcode/3781,B,3,0,0,0.0,0.0,0.0
leetcode/3781,D,3,0,0,0.0,0.0,0.0
leetcode/3781,P,3,0,0,0.0,0.0,0.0
leetcode/3781,FIXED_M,3,0,0,0.0,0.0,0.0
leetcode/3781,ROTATING_M,3,0,0,0.0,0.0,0.0
leetcode/3781,FIXED_H,3,0,0,0.0,0.0,0.0
leetcode/3781,ROTATING_H,3,0,0,0.0,0.0,0.0
atcoder/abc387_c,A,3,0,0,0.0,0.0,0.0
atcoder/abc387_c,B,3,3,0,1.0,1.0,1.0
atcoder/abc387_c,D,3,0,0,0.0,0.0,0.0
atcoder/abc387_c,P,3,0,0,0.0,0.0,0.0
atcoder/abc387_c,FIXED_M,3,1,0,0.3333333333333333,0.3333333333333333,0.3333333333333333
atcoder/abc387_c,ROTATING_M,3,0,0,0.0,0.0,0.0
atcoder/abc387_c,FIXED_H,3,0,0,0.0,0.0,0.0
atcoder/abc387_c,ROTATING_H,3,0,0,0.0,0.0,0.0
atcoder/arc183_c,A,3,0,0,0.0,0.0,0.0
atcoder/arc183_c,B,3,0,0,0.0,0.0,0.0
atcoder/arc183_c,D,3,0,0,0.0,0.0,0.0
atcoder/arc183_c,P,3,0,0,0.0,0.0,0.0
atcoder/arc183_c,FIXED_M,3,0,0,0.0,0.0,0.0
atcoder/arc183_c,ROTATING_M,3,0,0,0.0,0.0,0.0
atcoder/arc183_c,FIXED_H,3,0,0,0.0,0.0,0.0
atcoder/arc183_c,ROTATING_H,3,0,0,0.0,0.0,0.0
atcoder/abc382_b,A,3,3,0,1.0,1.0,1.0
atcoder/abc382_b,B,3,3,0,1.0,1.0,1.0
atcoder/abc382_b,D,3,3,0,1.0,1.0,1.0
atcoder/abc382_b,P,3,0,0,0.0,0.0,0.0
atcoder/abc382_b,FIXED_M,3,0,0,0.0,0.0,0.0
atcoder/abc382_b,ROTATING_M,3,0,0,0.0,0.0,0.0
atcoder/abc382_b,FIXED_H,3,3,0,1.0,1.0,1.0
atcoder/abc382_b,ROTATING_H,3,3,0,1.0,1.0,1.0
leetcode/3773,A,3,3,0,1.0,1.0,1.0
leetcode/3773,B,3,3,0,1.0,1.0,1.0
leetcode/3773,D,3,3,0,1.0,1.0,1.0
leetcode/3773,P,3,1,0,0.3333333333333333,0.3333333333333333,0.3333333333333333
leetcode/3773,FIXED_M,3,0,0,0.0,0.0,0.0
leetcode/3773,ROTATING_M,3,0,0,0.0,0.0,0.0
leetcode/3773,FIXED_H,3,2,0,0.6666666666666666,0.6666666666666666,0.6666666666666666
leetcode/3773,ROTATING_H,3,3,0,1.0,1.0,1.0
leetcode/3522,A,3,3,0,1.0,1.0,1.0
leetcode/3522,B,3,3,0,1.0,1.0,1.0
leetcode/3522,D,3,3,0,1.0,1.0,1.0
leetcode/3522,P,3,2,0,0.6666666666666666,0.6666666666666666,0.6666666666666666
leetcode/3522,FIXED_M,3,3,0,1.0,1.0,1.0
leetcode/3522,ROTATING_M,3,2,0,0.6666666666666666,0.6666666666666666,0.6666666666666666
leetcode/3522,FIXED_H,3,2,0,0.6666666666666666,0.6666666666666666,0.6666666666666666
leetcode/3522,ROTATING_H,3,3,0,1.0,1.0,1.0
leetcode/3687,A,3,0,0,0.0,0.0,0.0
leetcode/3687,B,3,0,0,0.0,0.0,0.0
leetcode/3687,D,3,0,0,0.0,0.0,0.0
leetcode/3687,P,3,0,0,0.0,0.0,0.0
leetcode/3687,FIXED_M,3,0,0,0.0,0.0,0.0
leetcode/3687,ROTATING_M,3,0,0,0.0,0.0,0.0
leetcode/3687,FIXED_H,3,0,0,0.0,0.0,0.0
leetcode/3687,ROTATING_H,3,0,0,0.0,0.0,0.0
atcoder/abc391_a,A,3,3,0,1.0,1.0,1.0
atcoder/abc391_a,B,3,3,0,1.0,1.0,1.0
atcoder/abc391_a,D,3,3,0,1.0,1.0,1.0
atcoder/abc391_a,P,3,3,0,1.0,1.0,1.0
atcoder/abc391_a,FIXED_M,3,0,0,0.0,0.0,0.0
atcoder/abc391_a,ROTATING_M,3,0,0,0.0,0.0,0.0
atcoder/abc391_a,FIXED_H,3,3,0,1.0,1.0,1.0
atcoder/abc391_a,ROTATING_H,3,3,0,1.0,1.0,1.0
atcoder/abc385_b,A,3,3,0,1.0,1.0,1.0
atcoder/abc385_b,B,3,3,0,1.0,1.0,1.0
atcoder/abc385_b,D,3,3,0,1.0,1.0,1.0
atcoder/abc385_b,P,3,3,0,1.0,1.0,1.0
atcoder/abc385_b,FIXED_M,3,0,0,0.0,0.0,0.0
atcoder/abc385_b,ROTATING_M,3,0,0,0.0,0.0,0.0
atcoder/abc385_b,FIXED_H,3,2,0,0.6666666666666666,0.6666666666666666,0.6666666666666666
atcoder/abc385_b,ROTATING_H,3,3,0,1.0,1.0,1.0
atcoder/abc394_b,A,3,3,0,1.0,1.0,1.0
atcoder/abc394_b,B,3,3,0,1.0,1.0,1.0
atcoder/abc394_b,D,3,3,0,1.0,1.0,1.0
atcoder/abc394_b,P,3,3,0,1.0,1.0,1.0
atcoder/abc394_b,FIXED_M,3,3,0,1.0,1.0,1.0
atcoder/abc394_b,ROTATING_M,3,3,0,1.0,1.0,1.0
atcoder/abc394_b,FIXED_H,3,3,0,1.0,1.0,1.0
atcoder/abc394_b,ROTATING_H,3,3,0,1.0,1.0,1.0
atcoder/abc374_a,A,3,3,0,1.0,1.0,1.0
atcoder/abc374_a,B,3,3,0,1.0,1.0,1.0
atcoder/abc374_a,D,3,3,0,1.0,1.0,1.0
atcoder/abc374_a,P,3,3,0,1.0,1.0,1.0
atcoder/abc374_a,FIXED_M,3,3,0,1.0,1.0,1.0
atcoder/abc374_a,ROTATING_M,3,3,0,1.0,1.0,1.0
atcoder/abc374_a,FIXED_H,3,3,0,1.0,1.0,1.0
atcoder/abc374_a,ROTATING_H,3,3,0,1.0,1.0,1.0
atcoder/abc395_b,A,3,3,0,1.0,1.0,1.0
atcoder/abc395_b,B,3,3,0,1.0,1.0,1.0
atcoder/abc395_b,D,3,3,0,1.0,1.0,1.0
atcoder/abc395_b,P,3,3,0,1.0,1.0,1.0
atcoder/abc395_b,FIXED_M,3,0,0,0.0,0.0,0.0
atcoder/abc395_b,ROTATING_M,3,1,0,0.3333333333333333,0.3333333333333333,0.3333333333333333
atcoder/abc395_b,FIXED_H,3,1,0,0.3333333333333333,0.3333333333333333,0.3333333333333333
atcoder/abc395_b,ROTATING_H,3,1,0,0.3333333333333333,0.3333333333333333,0.3333333333333333
atcoder/abc398_f,A,3,3,0,1.0,1.0,1.0
atcoder/abc398_f,B,3,0,0,0.0,0.0,0.0
atcoder/abc398_f,D,3,3,0,1.0,1.0,1.0
atcoder/abc398_f,P,3,0,0,0.0,0.0,0.0
atcoder/abc398_f,FIXED_M,3,0,0,0.0,0.0,0.0
atcoder/abc398_f,ROTATING_M,3,3,0,1.0,1.0,1.0
atcoder/abc398_f,FIXED_H,3,0,0,0.0,0.0,0.0
atcoder/abc398_f,ROTATING_H,3,0,0,0.0,0.0,0.0
atcoder/abc388_d,A,3,3,0,1.0,1.0,1.0
atcoder/abc388_d,B,3,0,0,0.0,0.0,0.0
atcoder/abc388_d,D,3,3,0,1.0,1.0,1.0
atcoder/abc388_d,P,3,0,0,0.0,0.0,0.0
atcoder/abc388_d,FIXED_M,3,0,0,0.0,0.0,0.0
atcoder/abc388_d,ROTATING_M,3,0,0,0.0,0.0,0.0
atcoder/abc388_d,FIXED_H,3,0,0,0.0,0.0,0.0
atcoder/abc388_d,ROTATING_H,3,0,0,0.0,0.0,0.0
atcoder/abc385_e,A,3,0,0,0.0,0.0,0.0
atcoder/abc385_e,B,3,0,0,0.0,0.0,0.0
atcoder/abc385_e,D,3,0,0,0.0,0.0,0.0
atcoder/abc385_e,P,3,0,0,0.0,0.0,0.0
atcoder/abc385_e,FIXED_M,3,0,0,0.0,0.0,0.0
atcoder/abc385_e,ROTATING_M,3,0,0,0.0,0.0,0.0
atcoder/abc385_e,FIXED_H,3,0,0,0.0,0.0,0.0
atcoder/abc385_e,ROTATING_H,3,0,0,0.0,0.0,0.0
atcoder/abc378_f,A,3,0,0,0.0,0.0,0.0
atcoder/abc378_f,B,3,0,0,0.0,0.0,0.0
atcoder/abc378_f,D,3,0,0,0.0,0.0,0.0
atcoder/abc378_f,P,3,0,0,0.0,0.0,0.0
atcoder/abc378_f,FIXED_M,3,0,0,0.0,0.0,0.0
atcoder/abc378_f,ROTATING_M,3,0,0,0.0,0.0,0.0
atcoder/abc378_f,FIXED_H,3,0,0,0.0,0.0,0.0
atcoder/abc378_f,ROTATING_H,3,0,0,0.0,0.0,0.0
leetcode/3607,A,3,2,0,0.6666666666666666,0.6666666666666666,0.6666666666666666
leetcode/3607,B,3,3,0,1.0,1.0,1.0
leetcode/3607,D,3,3,0,1.0,1.0,1.0
leetcode/3607,P,3,0,0,0.0,0.0,0.0
leetcode/3607,FIXED_M,3,0,0,0.0,0.0,0.0
leetcode/3607,ROTATING_M,3,0,0,0.0,0.0,0.0
leetcode/3607,FIXED_H,3,0,0,0.0,0.0,0.0
leetcode/3607,ROTATING_H,3,0,0,0.0,0.0,0.0
leetcode/3583,A,3,3,0,1.0,1.0,1.0
leetcode/3583,B,3,3,0,1.0,1.0,1.0
leetcode/3583,D,3,3,0,1.0,1.0,1.0
leetcode/3583,P,3,0,0,0.0,0.0,0.0
leetcode/3583,FIXED_M,3,0,0,0.0,0.0,0.0
leetcode/3583,ROTATING_M,3,0,0,0.0,0.0,0.0
leetcode/3583,FIXED_H,3,1,0,0.3333333333333333,0.3333333333333333,0.3333333333333333
leetcode/3583,ROTATING_H,3,0,0,0.0,0.0,0.0
atcoder/abc384_a,A,3,3,0,1.0,1.0,1.0
atcoder/abc384_a,B,3,3,0,1.0,1.0,1.0
atcoder/abc384_a,D,3,3,0,1.0,1.0,1.0
atcoder/abc384_a,P,3,3,0,1.0,1.0,1.0
atcoder/abc384_a,FIXED_M,3,0,0,0.0,0.0,0.0
atcoder/abc384_a,ROTATING_M,3,0,0,0.0,0.0,0.0
atcoder/abc384_a,FIXED_H,3,3,0,1.0,1.0,1.0
atcoder/abc384_a,ROTATING_H,3,3,0,1.0,1.0,1.0
leetcode/3759,A,3,3,0,1.0,1.0,1.0
leetcode/3759,B,3,3,0,1.0,1.0,1.0
leetcode/3759,D,3,3,0,1.0,1.0,1.0
leetcode/3759,P,3,0,0,0.0,0.0,0.0
leetcode/3759,FIXED_M,3,0,0,0.0,0.0,0.0
leetcode/3759,ROTATING_M,3,0,0,0.0,0.0,0.0
leetcode/3759,FIXED_H,3,0,0,0.0,0.0,0.0
leetcode/3759,ROTATING_H,3,0,0,0.0,0.0,0.0
atcoder/abc381_d,A,3,0,0,0.0,0.0,0.0
atcoder/abc381_d,B,3,0,0,0.0,0.0,0.0
atcoder/abc381_d,D,3,0,0,0.0,0.0,0.0
atcoder/abc381_d,P,3,0,0,0.0,0.0,0.0
atcoder/abc381_d,FIXED_M,3,0,0,0.0,0.0,0.0
atcoder/abc381_d,ROTATING_M,3,0,0,0.0,0.0,0.0
atcoder/abc381_d,FIXED_H,3,0,0,0.0,0.0,0.0
atcoder/abc381_d,ROTATING_H,3,0,0,0.0,0.0,0.0
atcoder/abc386_f,A,3,0,0,0.0,0.0,0.0
atcoder/abc386_f,B,3,3,0,1.0,1.0,1.0
atcoder/abc386_f,D,3,0,0,0.0,0.0,0.0
atcoder/abc386_f,P,3,3,0,1.0,1.0,1.0
atcoder/abc386_f,FIXED_M,3,0,0,0.0,0.0,0.0
atcoder/abc386_f,ROTATING_M,3,0,0,0.0,0.0,0.0
atcoder/abc386_f,FIXED_H,3,0,0,0.0,0.0,0.0
atcoder/abc386_f,ROTATING_H,3,0,0,0.0,0.0,0.0
atcoder/abc397_b,A,3,3,0,1.0,1.0,1.0
atcoder/abc397_b,B,3,3,0,1.0,1.0,1.0
atcoder/abc397_b,D,3,3,0,1.0,1.0,1.0
atcoder/abc397_b,P,3,0,0,0.0,0.0,0.0
atcoder/abc397_b,FIXED_M,3,0,0,0.0,0.0,0.0
atcoder/abc397_b,ROTATING_M,3,0,0,0.0,0.0,0.0
atcoder/abc397_b,FIXED_H,3,0,0,0.0,0.0,0.0
atcoder/abc397_b,ROTATING_H,3,0,0,0.0,0.0,0.0
atcoder/arc194_c,A,3,0,0,0.0,0.0,0.0
atcoder/arc194_c,B,3,0,0,0.0,0.0,0.0
atcoder/arc194_c,D,3,0,0,0.0,0.0,0.0
atcoder/arc194_c,P,3,0,0,0.0,0.0,0.0
atcoder/arc194_c,FIXED_M,3,0,0,0.0,0.0,0.0
atcoder/arc194_c,ROTATING_M,3,0,0,0.0,0.0,0.0
atcoder/arc194_c,FIXED_H,3,0,0,0.0,0.0,0.0
atcoder/arc194_c,ROTATING_H,3,0,0,0.0,0.0,0.0
atcoder/abc395_e,A,3,3,0,1.0,1.0,1.0
atcoder/abc395_e,B,3,3,0,1.0,1.0,1.0
atcoder/abc395_e,D,3,3,0,1.0,1.0,1.0
atcoder/abc395_e,P,3,1,0,0.3333333333333333,0.3333333333333333,0.3333333333333333
atcoder/abc395_e,FIXED_M,3,0,0,0.0,0.0,0.0
atcoder/abc395_e,ROTATING_M,3,2,0,0.6666666666666666,0.6666666666666666,0.6666666666666666
atcoder/abc395_e,FIXED_H,3,0,0,0.0,0.0,0.0
atcoder/abc395_e,ROTATING_H,3,3,0,1.0,1.0,1.0
leetcode/3690,A,3,0,0,0.0,0.0,0.0
leetcode/3690,B,3,0,0,0.0,0.0,0.0
leetcode/3690,D,3,0,0,0.0,0.0,0.0
leetcode/3690,P,3,0,0,0.0,0.0,0.0
leetcode/3690,FIXED_M,3,0,0,0.0,0.0,0.0
leetcode/3690,ROTATING_M,3,0,0,0.0,0.0,0.0
leetcode/3690,FIXED_H,3,0,0,0.0,0.0,0.0
leetcode/3690,ROTATING_H,3,0,0,0.0,0.0,0.0
leetcode/3651,A,3,3,0,1.0,1.0,1.0
leetcode/3651,B,3,3,0,1.0,1.0,1.0
leetcode/3651,D,3,3,0,1.0,1.0,1.0
leetcode/3651,P,3,0,0,0.0,0.0,0.0
leetcode/3651,FIXED_M,3,0,0,0.0,0.0,0.0
leetcode/3651,ROTATING_M,3,3,0,1.0,1.0,1.0
leetcode/3651,FIXED_H,3,2,0,0.6666666666666666,0.6666666666666666,0.6666666666666666
leetcode/3651,ROTATING_H,3,3,0,1.0,1.0,1.0
leetcode/3528,A,3,3,0,1.0,1.0,1.0
leetcode/3528,B,3,0,0,0.0,0.0,0.0
leetcode/3528,D,3,3,0,1.0,1.0,1.0
leetcode/3528,P,3,1,0,0.3333333333333333,0.3333333333333333,0.3333333333333333
leetcode/3528,FIXED_M,3,0,0,0.0,0.0,0.0
leetcode/3528,ROTATING_M,3,0,0,0.0,0.0,0.0
leetcode/3528,FIXED_H,3,0,0,0.0,0.0,0.0
leetcode/3528,ROTATING_H,3,0,0,0.0,0.0,0.0
leetcode/3657,A,3,3,0,1.0,1.0,1.0
leetcode/3657,B,3,0,0,0.0,0.0,0.0
leetcode/3657,D,3,3,0,1.0,1.0,1.0
leetcode/3657,P,3,0,0,0.0,0.0,0.0
leetcode/3657,FIXED_M,3,0,0,0.0,0.0,0.0
leetcode/3657,ROTATING_M,3,0,0,0.0,0.0,0.0
leetcode/3657,FIXED_H,3,0,0,0.0,0.0,0.0
leetcode/3657,ROTATING_H,3,0,0,0.0,0.0,0.0
atcoder/abc400_d,A,3,0,0,0.0,0.0,0.0
atcoder/abc400_d,B,3,0,0,0.0,0.0,0.0
atcoder/abc400_d,D,3,0,0,0.0,0.0,0.0
atcoder/abc400_d,P,3,0,0,0.0,0.0,0.0
atcoder/abc400_d,FIXED_M,3,0,0,0.0,0.0,0.0
atcoder/abc400_d,ROTATING_M,3,0,0,0.0,0.0,0.0
atcoder/abc400_d,FIXED_H,3,0,0,0.0,0.0,0.0
atcoder/abc400_d,ROTATING_H,3,0,0,0.0,0.0,0.0
leetcode/3714,A,3,3,0,1.0,1.0,1.0
leetcode/3714,B,3,0,0,0.0,0.0,0.0
leetcode/3714,D,3,3,0,1.0,1.0,1.0
leetcode/3714,P,3,0,0,0.0,0.0,0.0
leetcode/3714,FIXED_M,3,0,0,0.0,0.0,0.0
leetcode/3714,ROTATING_M,3,0,0,0.0,0.0,0.0
leetcode/3714,FIXED_H,3,0,0,0.0,0.0,0.0
leetcode/3714,ROTATING_H,3,0,0,0.0,0.0,0.0
atcoder/abc396_b,A,3,3,0,1.0,1.0,1.0
atcoder/abc396_b,B,3,3,0,1.0,1.0,1.0
atcoder/abc396_b,D,3,3,0,1.0,1.0,1.0
atcoder/abc396_b,P,3,1,0,0.3333333333333333,0.3333333333333333,0.3333333333333333
atcoder/abc396_b,FIXED_M,3,2,0,0.6666666666666666,0.6666666666666666,0.6666666666666666
atcoder/abc396_b,ROTATING_M,3,3,0,1.0,1.0,1.0
atcoder/abc396_b,FIXED_H,3,3,0,1.0,1.0,1.0
atcoder/abc396_b,ROTATING_H,3,3,0,1.0,1.0,1.0
leetcode/3560,A,3,3,0,1.0,1.0,1.0
leetcode/3560,B,3,3,0,1.0,1.0,1.0
leetcode/3560,D,3,3,0,1.0,1.0,1.0
leetcode/3560,P,3,0,0,0.0,0.0,0.0
leetcode/3560,FIXED_M,3,0,0,0.0,0.0,0.0
leetcode/3560,ROTATING_M,3,0,0,0.0,0.0,0.0
leetcode/3560,FIXED_H,3,0,0,0.0,0.0,0.0
leetcode/3560,ROTATING_H,3,0,0,0.0,0.0,0.0
leetcode/3525,A,3,3,0,1.0,1.0,1.0
leetcode/3525,B,3,3,0,1.0,1.0,1.0
leetcode/3525,D,3,3,0,1.0,1.0,1.0
leetcode/3525,P,3,1,0,0.3333333333333333,0.3333333333333333,0.3333333333333333
leetcode/3525,FIXED_M,3,0,0,0.0,0.0,0.0
leetcode/3525,ROTATING_M,3,0,0,0.0,0.0,0.0
leetcode/3525,FIXED_H,3,0,0,0.0,0.0,0.0
leetcode/3525,ROTATING_H,3,0,0,0.0,0.0,0.0
atcoder/abc378_e,A,3,3,0,1.0,1.0,1.0
atcoder/abc378_e,B,3,3,0,1.0,1.0,1.0
atcoder/abc378_e,D,3,3,0,1.0,1.0,1.0
atcoder/abc378_e,P,3,1,0,0.3333333333333333,0.3333333333333333,0.3333333333333333
atcoder/abc378_e,FIXED_M,3,0,0,0.0,0.0,0.0
atcoder/abc378_e,ROTATING_M,3,0,0,0.0,0.0,0.0
atcoder/abc378_e,FIXED_H,3,0,0,0.0,0.0,0.0
atcoder/abc378_e,ROTATING_H,3,2,0,0.6666666666666666,0.6666666666666666,0.6666666666666666
leetcode/3591,A,3,3,0,1.0,1.0,1.0
leetcode/3591,B,3,3,0,1.0,1.0,1.0
leetcode/3591,D,3,3,0,1.0,1.0,1.0
leetcode/3591,P,3,0,0,0.0,0.0,0.0
leetcode/3591,FIXED_M,3,0,0,0.0,0.0,0.0
leetcode/3591,ROTATING_M,3,1,0,0.3333333333333333,0.3333333333333333,0.3333333333333333
leetcode/3591,FIXED_H,3,0,0,0.0,0.0,0.0
leetcode/3591,ROTATING_H,3,2,0,0.6666666666666666,0.6666666666666666,0.6666666666666666
leetcode/3688,A,3,0,0,0.0,0.0,0.0
leetcode/3688,B,3,0,0,0.0,0.0,0.0
leetcode/3688,D,3,0,0,0.0,0.0,0.0
leetcode/3688,P,3,0,0,0.0,0.0,0.0
leetcode/3688,FIXED_M,3,0,0,0.0,0.0,0.0
leetcode/3688,ROTATING_M,3,0,0,0.0,0.0,0.0
leetcode/3688,FIXED_H,3,0,0,0.0,0.0,0.0
leetcode/3688,ROTATING_H,3,0,0,0.0,0.0,0.0
leetcode/3765,A,3,0,0,0.0,0.0,0.0
leetcode/3765,B,3,0,0,0.0,0.0,0.0
leetcode/3765,D,3,0,0,0.0,0.0,0.0
leetcode/3765,P,3,0,0,0.0,0.0,0.0
leetcode/3765,FIXED_M,3,0,0,0.0,0.0,0.0
leetcode/3765,ROTATING_M,3,0,0,0.0,0.0,0.0
leetcode/3765,FIXED_H,3,0,0,0.0,0.0,0.0
leetcode/3765,ROTATING_H,3,0,0,0.0,0.0,0.0
atcoder/abc368_e,A,3,3,0,1.0,1.0,1.0
atcoder/abc368_e,B,3,0,0,0.0,0.0,0.0
atcoder/abc368_e,D,3,3,0,1.0,1.0,1.0
atcoder/abc368_e,P,3,0,0,0.0,0.0,0.0
atcoder/abc368_e,FIXED_M,3,0,0,0.0,0.0,0.0
atcoder/abc368_e,ROTATING_M,3,0,0,0.0,0.0,0.0
atcoder/abc368_e,FIXED_H,3,0,0,0.0,0.0,0.0
atcoder/abc368_e,ROTATING_H,3,0,0,0.0,0.0,0.0
atcoder/abc368_f,A,3,3,0,1.0,1.0,1.0
atcoder/abc368_f,B,3,3,0,1.0,1.0,1.0
atcoder/abc368_f,D,3,3,0,1.0,1.0,1.0
atcoder/abc368_f,P,3,1,0,0.3333333333333333,0.3333333333333333,0.3333333333333333
atcoder/abc368_f,FIXED_M,3,0,0,0.0,0.0,0.0
atcoder/abc368_f,ROTATING_M,3,0,0,0.0,0.0,0.0
atcoder/abc368_f,FIXED_H,3,1,0,0.3333333333333333,0.3333333333333333,0.3333333333333333
atcoder/abc368_f,ROTATING_H,3,3,0,1.0,1.0,1.0
atcoder/abc390_a,A,3,3,0,1.0,1.0,1.0
atcoder/abc390_a,B,3,3,0,1.0,1.0,1.0
atcoder/abc390_a,D,3,3,0,1.0,1.0,1.0
atcoder/abc390_a,P,3,3,0,1.0,1.0,1.0
atcoder/abc390_a,FIXED_M,3,3,0,1.0,1.0,1.0
atcoder/abc390_a,ROTATING_M,3,3,0,1.0,1.0,1.0
atcoder/abc390_a,FIXED_H,3,3,0,1.0,1.0,1.0
atcoder/abc390_a,ROTATING_H,3,3,0,1.0,1.0,1.0
atcoder/abc370_e,A,3,3,0,1.0,1.0,1.0
atcoder/abc370_e,B,3,3,0,1.0,1.0,1.0
atcoder/abc370_e,D,3,3,0,1.0,1.0,1.0
atcoder/abc370_e,P,3,0,0,0.0,0.0,0.0
atcoder/abc370_e,FIXED_M,3,0,0,0.0,0.0,0.0
atcoder/abc370_e,ROTATING_M,3,3,0,1.0,1.0,1.0
atcoder/abc370_e,FIXED_H,3,0,0,0.0,0.0,0.0
atcoder/abc370_e,ROTATING_H,3,0,0,0.0,0.0,0.0
atcoder/abc392_c,A,3,3,0,1.0,1.0,1.0
atcoder/abc392_c,B,3,3,0,1.0,1.0,1.0
atcoder/abc392_c,D,3,3,0,1.0,1.0,1.0
atcoder/abc392_c,P,3,1,0,0.3333333333333333,0.3333333333333333,0.3333333333333333
atcoder/abc392_c,FIXED_M,3,0,0,0.0,0.0,0.0
atcoder/abc392_c,ROTATING_M,3,0,0,0.0,0.0,0.0
atcoder/abc392_c,FIXED_H,3,0,0,0.0,0.0,0.0
atcoder/abc392_c,ROTATING_H,3,0,0,0.0,0.0,0.0
atcoder/abc375_f,A,3,0,0,0.0,0.0,0.0
atcoder/abc375_f,B,3,0,0,0.0,0.0,0.0
atcoder/abc375_f,D,3,0,0,0.0,0.0,0.0
atcoder/abc375_f,P,3,0,0,0.0,0.0,0.0
atcoder/abc375_f,FIXED_M,3,0,0,0.0,0.0,0.0
atcoder/abc375_f,ROTATING_M,3,0,0,0.0,0.0,0.0
atcoder/abc375_f,FIXED_H,3,0,0,0.0,0.0,0.0
atcoder/abc375_f,ROTATING_H,3,0,0,0.0,0.0,0.0
atcoder/abc387_f,A,3,3,0,1.0,1.0,1.0
atcoder/abc387_f,B,3,0,0,0.0,0.0,0.0
atcoder/abc387_f,D,3,3,0,1.0,1.0,1.0
atcoder/abc387_f,P,3,0,0,0.0,0.0,0.0
atcoder/abc387_f,FIXED_M,3,0,0,0.0,0.0,0.0
atcoder/abc387_f,ROTATING_M,3,0,0,0.0,0.0,0.0
atcoder/abc387_f,FIXED_H,3,0,0,0.0,0.0,0.0
atcoder/abc387_f,ROTATING_H,3,0,0,0.0,0.0,0.0
leetcode/3562,A,3,0,0,0.0,0.0,0.0
leetcode/3562,B,3,0,0,0.0,0.0,0.0
leetcode/3562,D,3,0,0,0.0,0.0,0.0
leetcode/3562,P,3,0,0,0.0,0.0,0.0
leetcode/3562,FIXED_M,3,0,0,0.0,0.0,0.0
leetcode/3562,ROTATING_M,3,0,0,0.0,0.0,0.0
leetcode/3562,FIXED_H,3,0,0,0.0,0.0,0.0
leetcode/3562,ROTATING_H,3,0,0,0.0,0.0,0.0
atcoder/abc373_g,A,3,0,0,0.0,0.0,0.0
atcoder/abc373_g,B,3,0,0,0.0,0.0,0.0
atcoder/abc373_g,D,3,0,0,0.0,0.0,0.0
atcoder/abc373_g,P,3,0,0,0.0,0.0,0.0
atcoder/abc373_g,FIXED_M,3,0,0,0.0,0.0,0.0
atcoder/abc373_g,ROTATING_M,3,0,0,0.0,0.0,0.0
atcoder/abc373_g,FIXED_H,3,0,0,0.0,0.0,0.0
atcoder/abc373_g,ROTATING_H,3,0,0,0.0,0.0,0.0
atcoder/abc386_a,A,3,3,0,1.0,1.0,1.0
atcoder/abc386_a,B,3,3,0,1.0,1.0,1.0
atcoder/abc386_a,D,3,3,0,1.0,1.0,1.0
atcoder/abc386_a,P,3,3,0,1.0,1.0,1.0
atcoder/abc386_a,FIXED_M,3,2,0,0.6666666666666666,0.6666666666666666,0.6666666666666666
atcoder/abc386_a,ROTATING_M,3,3,0,1.0,1.0,1.0
atcoder/abc386_a,FIXED_H,3,1,0,0.3333333333333333,0.3333333333333333,0.3333333333333333
atcoder/abc386_a,ROTATING_H,3,3,0,1.0,1.0,1.0
atcoder/abc380_b,A,3,3,0,1.0,1.0,1.0
atcoder/abc380_b,B,3,3,0,1.0,1.0,1.0
atcoder/abc380_b,D,3,3,0,1.0,1.0,1.0
atcoder/abc380_b,P,3,1,0,0.3333333333333333,0.3333333333333333,0.3333333333333333
atcoder/abc380_b,FIXED_M,3,0,0,0.0,0.0,0.0
atcoder/abc380_b,ROTATING_M,3,0,0,0.0,0.0,0.0
atcoder/abc380_b,FIXED_H,3,3,0,1.0,1.0,1.0
atcoder/abc380_b,ROTATING_H,3,3,0,1.0,1.0,1.0
leetcode/3540,A,3,3,0,1.0,1.0,1.0
leetcode/3540,B,3,3,0,1.0,1.0,1.0
leetcode/3540,D,3,3,0,1.0,1.0,1.0
leetcode/3540,P,3,3,0,1.0,1.0,1.0
leetcode/3540,FIXED_M,3,3,0,1.0,1.0,1.0
leetcode/3540,ROTATING_M,3,3,0,1.0,1.0,1.0
leetcode/3540,FIXED_H,3,3,0,1.0,1.0,1.0
leetcode/3540,ROTATING_H,3,3,0,1.0,1.0,1.0
atcoder/arc192_d,A,3,0,0,0.0,0.0,0.0
atcoder/arc192_d,B,3,0,0,0.0,0.0,0.0
atcoder/arc192_d,D,3,0,0,0.0,0.0,0.0
atcoder/arc192_d,P,3,0,0,0.0,0.0,0.0
atcoder/arc192_d,FIXED_M,3,0,0,0.0,0.0,0.0
atcoder/arc192_d,ROTATING_M,3,0,0,0.0,0.0,0.0
atcoder/arc192_d,FIXED_H,3,0,0,0.0,0.0,0.0
atcoder/arc192_d,ROTATING_H,3,0,0,0.0,0.0,0.0
leetcode/3593,A,3,3,0,1.0,1.0,1.0
leetcode/3593,B,3,3,0,1.0,1.0,1.0
leetcode/3593,D,3,3,0,1.0,1.0,1.0
leetcode/3593,P,3,1,0,0.3333333333333333,0.3333333333333333,0.3333333333333333
leetcode/3593,FIXED_M,3,1,0,0.3333333333333333,0.3333333333333333,0.3333333333333333
leetcode/3593,ROTATING_M,3,3,0,1.0,1.0,1.0
leetcode/3593,FIXED_H,3,0,0,0.0,0.0,0.0
leetcode/3593,ROTATING_H,3,3,0,1.0,1.0,1.0
leetcode/3610,A,3,3,0,1.0,1.0,1.0
leetcode/3610,B,3,3,0,1.0,1.0,1.0
leetcode/3610,D,3,3,0,1.0,1.0,1.0
leetcode/3610,P,3,3,0,1.0,1.0,1.0
leetcode/3610,FIXED_M,3,2,0,0.6666666666666666,0.6666666666666666,0.6666666666666666
leetcode/3610,ROTATING_M,3,1,0,0.3333333333333333,0.3333333333333333,0.3333333333333333
leetcode/3610,FIXED_H,3,3,0,1.0,1.0,1.0
leetcode/3610,ROTATING_H,3,3,0,1.0,1.0,1.0
leetcode/3616,A,3,3,0,1.0,1.0,1.0
leetcode/3616,B,3,3,0,1.0,1.0,1.0
leetcode/3616,D,3,3,0,1.0,1.0,1.0
leetcode/3616,P,3,0,0,0.0,0.0,0.0
leetcode/3616,FIXED_M,3,0,0,0.0,0.0,0.0
leetcode/3616,ROTATING_M,3,3,0,1.0,1.0,1.0
leetcode/3616,FIXED_H,3,3,0,1.0,1.0,1.0
leetcode/3616,ROTATING_H,3,2,0,0.6666666666666666,0.6666666666666666,0.6666666666666666
leetcode/3510,A,3,3,0,1.0,1.0,1.0
leetcode/3510,B,3,3,0,1.0,1.0,1.0
leetcode/3510,D,3,3,0,1.0,1.0,1.0
leetcode/3510,P,3,0,0,0.0,0.0,0.0
leetcode/3510,FIXED_M,3,0,0,0.0,0.0,0.0
leetcode/3510,ROTATING_M,3,0,0,0.0,0.0,0.0
leetcode/3510,FIXED_H,3,1,0,0.3333333333333333,0.3333333333333333,0.3333333333333333
leetcode/3510,ROTATING_H,3,2,0,0.6666666666666666,0.6666666666666666,0.6666666666666666
atcoder/abc365_c,A,3,3,0,1.0,1.0,1.0
atcoder/abc365_c,B,3,3,0,1.0,1.0,1.0
atcoder/abc365_c,D,3,3,0,1.0,1.0,1.0
atcoder/abc365_c,P,3,3,0,1.0,1.0,1.0
atcoder/abc365_c,FIXED_M,3,2,0,0.6666666666666666,0.6666666666666666,0.6666666666666666
atcoder/abc365_c,ROTATING_M,3,1,0,0.3333333333333333,0.3333333333333333,0.3333333333333333
atcoder/abc365_c,FIXED_H,3,3,0,1.0,1.0,1.0
atcoder/abc365_c,ROTATING_H,3,3,0,1.0,1.0,1.0
atcoder/arc185_d,A,3,0,0,0.0,0.0,0.0
atcoder/arc185_d,B,3,0,0,0.0,0.0,0.0
atcoder/arc185_d,D,3,0,0,0.0,0.0,0.0
atcoder/arc185_d,P,3,0,0,0.0,0.0,0.0
atcoder/arc185_d,FIXED_M,3,0,0,0.0,0.0,0.0
atcoder/arc185_d,ROTATING_M,3,0,0,0.0,0.0,0.0
atcoder/arc185_d,FIXED_H,3,0,0,0.0,0.0,0.0
atcoder/arc185_d,ROTATING_H,3,0,0,0.0,0.0,0.0
leetcode/3750,A,3,3,0,1.0,1.0,1.0
leetcode/3750,B,3,3,0,1.0,1.0,1.0
leetcode/3750,D,3,3,0,1.0,1.0,1.0
leetcode/3750,P,3,0,0,0.0,0.0,0.0
leetcode/3750,FIXED_M,3,0,0,0.0,0.0,0.0
leetcode/3750,ROTATING_M,3,0,0,0.0,0.0,0.0
leetcode/3750,FIXED_H,3,0,0,0.0,0.0,0.0
leetcode/3750,ROTATING_H,3,0,0,0.0,0.0,0.0
atcoder/abc400_b,A,3,3,0,1.0,1.0,1.0
atcoder/abc400_b,B,3,3,0,1.0,1.0,1.0
atcoder/abc400_b,D,3,3,0,1.0,1.0,1.0
atcoder/abc400_b,P,3,3,0,1.0,1.0,1.0
atcoder/abc400_b,FIXED_M,3,3,0,1.0,1.0,1.0
atcoder/abc400_b,ROTATING_M,3,3,0,1.0,1.0,1.0
atcoder/abc400_b,FIXED_H,3,3,0,1.0,1.0,1.0
atcoder/abc400_b,ROTATING_H,3,3,0,1.0,1.0,1.0
leetcode/3733,A,3,3,0,1.0,1.0,1.0
leetcode/3733,B,3,0,0,0.0,0.0,0.0
leetcode/3733,D,3,3,0,1.0,1.0,1.0
leetcode/3733,P,3,0,0,0.0,0.0,0.0
leetcode/3733,FIXED_M,3,0,0,0.0,0.0,0.0
leetcode/3733,ROTATING_M,3,0,0,0.0,0.0,0.0
leetcode/3733,FIXED_H,3,0,0,0.0,0.0,0.0
leetcode/3733,ROTATING_H,3,0,0,0.0,0.0,0.0
leetcode/3737,A,3,3,0,1.0,1.0,1.0
leetcode/3737,B,3,3,0,1.0,1.0,1.0
leetcode/3737,D,3,3,0,1.0,1.0,1.0
leetcode/3737,P,3,0,0,0.0,0.0,0.0
leetcode/3737,FIXED_M,3,0,0,0.0,0.0,0.0
leetcode/3737,ROTATING_M,3,3,0,1.0,1.0,1.0
leetcode/3737,FIXED_H,3,0,0,0.0,0.0,0.0
leetcode/3737,ROTATING_H,3,0,0,0.0,0.0,0.0
atcoder/abc376_f,A,3,0,0,0.0,0.0,0.0
atcoder/abc376_f,B,3,0,0,0.0,0.0,0.0
atcoder/abc376_f,D,3,0,0,0.0,0.0,0.0
atcoder/abc376_f,P,3,0,0,0.0,0.0,0.0
atcoder/abc376_f,FIXED_M,3,0,0,0.0,0.0,0.0
atcoder/abc376_f,ROTATING_M,3,0,0,0.0,0.0,0.0
atcoder/abc376_f,FIXED_H,3,0,0,0.0,0.0,0.0
atcoder/abc376_f,ROTATING_H,3,0,0,0.0,0.0,0.0
leetcode/3771,A,3,0,0,0.0,0.0,0.0
leetcode/3771,B,3,0,0,0.0,0.0,0.0
leetcode/3771,D,3,0,0,0.0,0.0,0.0
leetcode/3771,P,3,0,0,0.0,0.0,0.0
leetcode/3771,FIXED_M,3,0,0,0.0,0.0,0.0
leetcode/3771,ROTATING_M,3,0,0,0.0,0.0,0.0
leetcode/3771,FIXED_H,3,0,0,0.0,0.0,0.0
leetcode/3771,ROTATING_H,3,0,0,0.0,0.0,0.0
atcoder/abc370_d,A,3,0,0,0.0,0.0,0.0
atcoder/abc370_d,B,3,3,0,1.0,1.0,1.0
atcoder/abc370_d,D,3,0,0,0.0,0.0,0.0
atcoder/abc370_d,P,3,0,0,0.0,0.0,0.0
atcoder/abc370_d,FIXED_M,3,0,0,0.0,0.0,0.0
atcoder/abc370_d,ROTATING_M,3,0,0,0.0,0.0,0.0
atcoder/abc370_d,FIXED_H,3,0,0,0.0,0.0,0.0
atcoder/abc370_d,ROTATING_H,3,0,0,0.0,0.0,0.0
atcoder/abc368_d,A,3,3,0,1.0,1.0,1.0
atcoder/abc368_d,B,3,0,0,0.0,0.0,0.0
atcoder/abc368_d,D,3,3,0,1.0,1.0,1.0
atcoder/abc368_d,P,3,1,0,0.3333333333333333,0.3333333333333333,0.3333333333333333
atcoder/abc368_d,FIXED_M,3,0,0,0.0,0.0,0.0
atcoder/abc368_d,ROTATING_M,3,0,0,0.0,0.0,0.0
atcoder/abc368_d,FIXED_H,3,0,0,0.0,0.0,0.0
atcoder/abc368_d,ROTATING_H,3,0,0,0.0,0.0,0.0
leetcode/3639,A,3,3,0,1.0,1.0,1.0
leetcode/3639,B,3,3,0,1.0,1.0,1.0
leetcode/3639,D,3,3,0,1.0,1.0,1.0
leetcode/3639,P,3,0,0,0.0,0.0,0.0
leetcode/3639,FIXED_M,3,2,0,0.6666666666666666,0.6666666666666666,0.6666666666666666
leetcode/3639,ROTATING_M,3,3,0,1.0,1.0,1.0
leetcode/3639,FIXED_H,3,0,0,0.0,0.0,0.0
leetcode/3639,ROTATING_H,3,3,0,1.0,1.0,1.0
atcoder/abc367_e,A,3,3,0,1.0,1.0,1.0
atcoder/abc367_e,B,3,0,0,0.0,0.0,0.0
atcoder/abc367_e,D,3,3,0,1.0,1.0,1.0
atcoder/abc367_e,P,3,0,0,0.0,0.0,0.0
atcoder/abc367_e,FIXED_M,3,0,0,0.0,0.0,0.0
atcoder/abc367_e,ROTATING_M,3,3,0,1.0,1.0,1.0
atcoder/abc367_e,FIXED_H,3,2,0,0.6666666666666666,0.6666666666666666,0.6666666666666666
atcoder/abc367_e,ROTATING_H,3,1,0,0.3333333333333333,0.3333333333333333,0.3333333333333333
leetcode/3676,A,3,3,0,1.0,1.0,1.0
leetcode/3676,B,3,3,0,1.0,1.0,1.0
leetcode/3676,D,3,3,0,1.0,1.0,1.0
leetcode/3676,P,3,1,0,0.3333333333333333,0.3333333333333333,0.3333333333333333
leetcode/3676,FIXED_M,3,2,0,0.6666666666666666,0.6666666666666666,0.6666666666666666
leetcode/3676,ROTATING_M,3,1,0,0.3333333333333333,0.3333333333333333,0.3333333333333333
leetcode/3676,FIXED_H,3,3,0,1.0,1.0,1.0
leetcode/3676,ROTATING_H,3,3,0,1.0,1.0,1.0
leetcode/3634,A,3,3,0,1.0,1.0,1.0
leetcode/3634,B,3,0,0,0.0,0.0,0.0
leetcode/3634,D,3,3,0,1.0,1.0,1.0
leetcode/3634,P,3,0,0,0.0,0.0,0.0
leetcode/3634,FIXED_M,3,0,0,0.0,0.0,0.0
leetcode/3634,ROTATING_M,3,3,0,1.0,1.0,1.0
leetcode/3634,FIXED_H,3,1,0,0.3333333333333333,0.3333333333333333,0.3333333333333333
leetcode/3634,ROTATING_H,3,0,0,0.0,0.0,0.0
atcoder/arc190_c,A,3,0,0,0.0,0.0,0.0
atcoder/arc190_c,B,3,0,0,0.0,0.0,0.0
atcoder/arc190_c,D,3,0,0,0.0,0.0,0.0
atcoder/arc190_c,P,3,0,0,0.0,0.0,0.0
atcoder/arc190_c,FIXED_M,3,0,0,0.0,0.0,0.0
atcoder/arc190_c,ROTATING_M,3,0,0,0.0,0.0,0.0
atcoder/arc190_c,FIXED_H,3,0,0,0.0,0.0,0.0
atcoder/arc190_c,ROTATING_H,3,0,0,0.0,0.0,0.0
atcoder/abc389_d,A,3,3,0,1.0,1.0,1.0
atcoder/abc389_d,B,3,3,0,1.0,1.0,1.0
atcoder/abc389_d,D,3,3,0,1.0,1.0,1.0
atcoder/abc389_d,P,3,0,0,0.0,0.0,0.0
atcoder/abc389_d,FIXED_M,3,0,0,0.0,0.0,0.0
atcoder/abc389_d,ROTATING_M,3,1,0,0.3333333333333333,0.3333333333333333,0.3333333333333333
atcoder/abc389_d,FIXED_H,3,0,0,0.0,0.0,0.0
atcoder/abc389_d,ROTATING_H,3,1,0,0.3333333333333333,0.3333333333333333,0.3333333333333333
atcoder/abc378_c,A,3,3,0,1.0,1.0,1.0
atcoder/abc378_c,B,3,3,0,1.0,1.0,1.0
atcoder/abc378_c,D,3,3,0,1.0,1.0,1.0
atcoder/abc378_c,P,3,3,0,1.0,1.0,1.0
atcoder/abc378_c,FIXED_M,3,3,0,1.0,1.0,1.0
atcoder/abc378_c,ROTATING_M,3,3,0,1.0,1.0,1.0
atcoder/abc378_c,FIXED_H,3,3,0,1.0,1.0,1.0
atcoder/abc378_c,ROTATING_H,3,3,0,1.0,1.0,1.0
atcoder/abc366_g,A,3,0,0,0.0,0.0,0.0
atcoder/abc366_g,B,3,0,0,0.0,0.0,0.0
atcoder/abc366_g,D,3,0,0,0.0,0.0,0.0
atcoder/abc366_g,P,3,0,0,0.0,0.0,0.0
atcoder/abc366_g,FIXED_M,3,0,0,0.0,0.0,0.0
atcoder/abc366_g,ROTATING_M,3,0,0,0.0,0.0,0.0
atcoder/abc366_g,FIXED_H,3,0,0,0.0,0.0,0.0
atcoder/abc366_g,ROTATING_H,3,0,0,0.0,0.0,0.0
leetcode/3566,A,3,3,0,1.0,1.0,1.0
leetcode/3566,B,3,3,0,1.0,1.0,1.0
leetcode/3566,D,3,3,0,1.0,1.0,1.0
leetcode/3566,P,3,2,0,0.6666666666666666,0.6666666666666666,0.6666666666666666
leetcode/3566,FIXED_M,3,0,0,0.0,0.0,0.0
leetcode/3566,ROTATING_M,3,2,0,0.6666666666666666,0.6666666666666666,0.6666666666666666
leetcode/3566,FIXED_H,3,1,0,0.3333333333333333,0.3333333333333333,0.3333333333333333
leetcode/3566,ROTATING_H,3,2,0,0.6666666666666666,0.6666666666666666,0.6666666666666666
leetcode/3587,A,3,3,0,1.0,1.0,1.0
leetcode/3587,B,3,3,0,1.0,1.0,1.0
leetcode/3587,D,3,3,0,1.0,1.0,1.0
leetcode/3587,P,3,0,0,0.0,0.0,0.0
leetcode/3587,FIXED_M,3,0,0,0.0,0.0,0.0
leetcode/3587,ROTATING_M,3,3,0,1.0,1.0,1.0
leetcode/3587,FIXED_H,3,0,0,0.0,0.0,0.0
leetcode/3587,ROTATING_H,3,1,0,0.3333333333333333,0.3333333333333333,0.3333333333333333
atcoder/arc192_e,A,3,0,0,0.0,0.0,0.0
atcoder/arc192_e,B,3,0,0,0.0,0.0,0.0
atcoder/arc192_e,D,3,0,0,0.0,0.0,0.0
atcoder/arc192_e,P,3,0,0,0.0,0.0,0.0
atcoder/arc192_e,FIXED_M,3,0,0,0.0,0.0,0.0
atcoder/arc192_e,ROTATING_M,3,0,0,0.0,0.0,0.0
atcoder/arc192_e,FIXED_H,3,0,0,0.0,0.0,0.0
atcoder/arc192_e,ROTATING_H,3,0,0,0.0,0.0,0.0
atcoder/arc189_d,A,3,0,0,0.0,0.0,0.0
atcoder/arc189_d,B,3,0,0,0.0,0.0,0.0
atcoder/arc189_d,D,3,0,0,0.0,0.0,0.0
atcoder/arc189_d,P,3,0,0,0.0,0.0,0.0
atcoder/arc189_d,FIXED_M,3,0,0,0.0,0.0,0.0
atcoder/arc189_d,ROTATING_M,3,0,0,0.0,0.0,0.0
atcoder/arc189_d,FIXED_H,3,0,0,0.0,0.0,0.0
atcoder/arc189_d,ROTATING_H,3,0,0,0.0,0.0,0.0
leetcode/3748,A,3,3,0,1.0,1.0,1.0
leetcode/3748,B,3,3,0,1.0,1.0,1.0
leetcode/3748,D,3,3,0,1.0,1.0,1.0
leetcode/3748,P,3,0,0,0.0,0.0,0.0
leetcode/3748,FIXED_M,3,0,0,0.0,0.0,0.0
leetcode/3748,ROTATING_M,3,0,0,0.0,0.0,0.0
leetcode/3748,FIXED_H,3,0,0,0.0,0.0,0.0
leetcode/3748,ROTATING_H,3,3,0,1.0,1.0,1.0
leetcode/3799,A,3,3,0,1.0,1.0,1.0
leetcode/3799,B,3,3,0,1.0,1.0,1.0
leetcode/3799,D,3,3,0,1.0,1.0,1.0
leetcode/3799,P,3,3,0,1.0,1.0,1.0
leetcode/3799,FIXED_M,3,3,0,1.0,1.0,1.0
leetcode/3799,ROTATING_M,3,3,0,1.0,1.0,1.0
leetcode/3799,FIXED_H,3,3,0,1.0,1.0,1.0
leetcode/3799,ROTATING_H,3,3,0,1.0,1.0,1.0
atcoder/arc182_c,A,3,0,0,0.0,0.0,0.0
atcoder/arc182_c,B,3,0,0,0.0,0.0,0.0
atcoder/arc182_c,D,3,0,0,0.0,0.0,0.0
atcoder/arc182_c,P,3,0,0,0.0,0.0,0.0
atcoder/arc182_c,FIXED_M,3,0,0,0.0,0.0,0.0
atcoder/arc182_c,ROTATING_M,3,0,0,0.0,0.0,0.0
atcoder/arc182_c,FIXED_H,3,0,0,0.0,0.0,0.0
atcoder/arc182_c,ROTATING_H,3,0,0,0.0,0.0,0.0
atcoder/abc400_e,A,3,3,0,1.0,1.0,1.0
atcoder/abc400_e,B,3,3,0,1.0,1.0,1.0
atcoder/abc400_e,D,3,3,0,1.0,1.0,1.0
atcoder/abc400_e,P,3,0,0,0.0,0.0,0.0
atcoder/abc400_e,FIXED_M,3,0,0,0.0,0.0,0.0
atcoder/abc400_e,ROTATING_M,3,0,0,0.0,0.0,0.0
atcoder/abc400_e,FIXED_H,3,0,0,0.0,0.0,0.0
atcoder/abc400_e,ROTATING_H,3,0,0,0.0,0.0,0.0
leetcode/3563,A,3,0,0,0.0,0.0,0.0
leetcode/3563,B,3,0,0,0.0,0.0,0.0
leetcode/3563,D,3,0,0,0.0,0.0,0.0
leetcode/3563,P,3,0,0,0.0,0.0,0.0
leetcode/3563,FIXED_M,3,0,0,0.0,0.0,0.0
leetcode/3563,ROTATING_M,3,0,0,0.0,0.0,0.0
leetcode/3563,FIXED_H,3,0,0,0.0,0.0,0.0
leetcode/3563,ROTATING_H,3,0,0,0.0,0.0,0.0
atcoder/abc373_e,A,3,0,0,0.0,0.0,0.0
atcoder/abc373_e,B,3,0,0,0.0,0.0,0.0
atcoder/abc373_e,D,3,0,0,0.0,0.0,0.0
atcoder/abc373_e,P,3,0,0,0.0,0.0,0.0
atcoder/abc373_e,FIXED_M,3,0,0,0.0,0.0,0.0
atcoder/abc373_e,ROTATING_M,3,0,0,0.0,0.0,0.0
atcoder/abc373_e,FIXED_H,3,0,0,0.0,0.0,0.0
atcoder/abc373_e,ROTATING_H,3,0,0,0.0,0.0,0.0
leetcode/3704,A,3,3,0,1.0,1.0,1.0
leetcode/3704,B,3,3,0,1.0,1.0,1.0
leetcode/3704,D,3,3,0,1.0,1.0,1.0
leetcode/3704,P,3,2,0,0.6666666666666666,0.6666666666666666,0.6666666666666666
leetcode/3704,FIXED_M,3,3,0,1.0,1.0,1.0
leetcode/3704,ROTATING_M,3,3,0,1.0,1.0,1.0
leetcode/3704,FIXED_H,3,3,0,1.0,1.0,1.0
leetcode/3704,ROTATING_H,3,3,0,1.0,1.0,1.0
atcoder/abc391_f,A,3,0,0,0.0,0.0,0.0
atcoder/abc391_f,B,3,0,0,0.0,0.0,0.0
atcoder/abc391_f,D,3,0,0,0.0,0.0,0.0
atcoder/abc391_f,P,3,0,0,0.0,0.0,0.0
atcoder/abc391_f,FIXED_M,3,0,0,0.0,0.0,0.0
atcoder/abc391_f,ROTATING_M,3,0,0,0.0,0.0,0.0
atcoder/abc391_f,FIXED_H,3,2,0,0.6666666666666666,0.6666666666666666,0.6666666666666666
atcoder/abc391_f,ROTATING_H,3,0,0,0.0,0.0,0.0
atcoder/abc389_b,A,3,3,0,1.0,1.0,1.0
atcoder/abc389_b,B,3,3,0,1.0,1.0,1.0
atcoder/abc389_b,D,3,3,0,1.0,1.0,1.0
atcoder/abc389_b,P,3,3,0,1.0,1.0,1.0
atcoder/abc389_b,FIXED_M,3,0,0,0.0,0.0,0.0
atcoder/abc389_b,ROTATING_M,3,3,0,1.0,1.0,1.0
atcoder/abc389_b,FIXED_H,3,3,0,1.0,1.0,1.0
atcoder/abc389_b,ROTATING_H,3,3,0,1.0,1.0,1.0
atcoder/abc367_b,A,3,3,0,1.0,1.0,1.0
atcoder/abc367_b,B,3,3,0,1.0,1.0,1.0
atcoder/abc367_b,D,3,3,0,1.0,1.0,1.0
atcoder/abc367_b,P,3,3,0,1.0,1.0,1.0
atcoder/abc367_b,FIXED_M,3,3,0,1.0,1.0,1.0
atcoder/abc367_b,ROTATING_M,3,3,0,1.0,1.0,1.0
atcoder/abc367_b,FIXED_H,3,2,0,0.6666666666666666,0.6666666666666666,0.6666666666666666
atcoder/abc367_b,ROTATING_H,3,3,0,1.0,1.0,1.0
atcoder/abc369_d,A,3,3,0,1.0,1.0,1.0
atcoder/abc369_d,B,3,3,0,1.0,1.0,1.0
atcoder/abc369_d,D,3,3,0,1.0,1.0,1.0
atcoder/abc369_d,P,3,0,0,0.0,0.0,0.0
atcoder/abc369_d,FIXED_M,3,1,0,0.3333333333333333,0.3333333333333333,0.3333333333333333
atcoder/abc369_d,ROTATING_M,3,0,0,0.0,0.0,0.0
atcoder/abc369_d,FIXED_H,3,0,0,0.0,0.0,0.0
atcoder/abc369_d,ROTATING_H,3,0,0,0.0,0.0,0.0
atcoder/abc377_g,A,3,3,0,1.0,1.0,1.0
atcoder/abc377_g,B,3,3,0,1.0,1.0,1.0
atcoder/abc377_g,D,3,3,0,1.0,1.0,1.0
atcoder/abc377_g,P,3,0,0,0.0,0.0,0.0
atcoder/abc377_g,FIXED_M,3,0,0,0.0,0.0,0.0
atcoder/abc377_g,ROTATING_M,3,1,0,0.3333333333333333,0.3333333333333333,0.3333333333333333
atcoder/abc377_g,FIXED_H,3,0,0,0.0,0.0,0.0
atcoder/abc377_g,ROTATING_H,3,2,0,0.6666666666666666,0.6666666666666666,0.6666666666666666
leetcode/3791,A,3,3,0,1.0,1.0,1.0
leetcode/3791,B,3,0,0,0.0,0.0,0.0
leetcode/3791,D,3,3,0,1.0,1.0,1.0
leetcode/3791,P,3,0,0,0.0,0.0,0.0
leetcode/3791,FIXED_M,3,0,0,0.0,0.0,0.0
leetcode/3791,ROTATING_M,3,0,0,0.0,0.0,0.0
leetcode/3791,FIXED_H,3,1,0,0.3333333333333333,0.3333333333333333,0.3333333333333333
leetcode/3791,ROTATING_H,3,0,0,0.0,0.0,0.0
atcoder/abc381_b,A,3,3,0,1.0,1.0,1.0
atcoder/abc381_b,B,3,3,0,1.0,1.0,1.0
atcoder/abc381_b,D,3,3,0,1.0,1.0,1.0
atcoder/abc381_b,P,3,3,0,1.0,1.0,1.0
atcoder/abc381_b,FIXED_M,3,0,0,0.0,0.0,0.0
atcoder/abc381_b,ROTATING_M,3,2,0,0.6666666666666666,0.6666666666666666,0.6666666666666666
atcoder/abc381_b,FIXED_H,3,3,0,1.0,1.0,1.0
atcoder/abc381_b,ROTATING_H,3,3,0,1.0,1.0,1.0
atcoder/abc385_c,A,3,3,0,1.0,1.0,1.0
atcoder/abc385_c,B,3,3,0,1.0,1.0,1.0
atcoder/abc385_c,D,3,3,0,1.0,1.0,1.0
atcoder/abc385_c,P,3,0,0,0.0,0.0,0.0
atcoder/abc385_c,FIXED_M,3,0,0,0.0,0.0,0.0
atcoder/abc385_c,ROTATING_M,3,0,0,0.0,0.0,0.0
atcoder/abc385_c,FIXED_H,3,1,0,0.3333333333333333,0.3333333333333333,0.3333333333333333
atcoder/abc385_c,ROTATING_H,3,0,0,0.0,0.0,0.0
atcoder/abc366_f,A,3,0,0,0.0,0.0,0.0
atcoder/abc366_f,B,3,0,0,0.0,0.0,0.0
atcoder/abc366_f,D,3,0,0,0.0,0.0,0.0
atcoder/abc366_f,P,3,0,0,0.0,0.0,0.0
atcoder/abc366_f,FIXED_M,3,0,0,0.0,0.0,0.0
atcoder/abc366_f,ROTATING_M,3,0,0,0.0,0.0,0.0
atcoder/abc366_f,FIXED_H,3,0,0,0.0,0.0,0.0
atcoder/abc366_f,ROTATING_H,3,0,0,0.0,0.0,0.0
