task_id,seed_index,answer_seed,perfect_seconds,removed_prefill_seconds,perfect_passed,A_minus_perfect_seconds,B_minus_perfect_seconds,D_minus_perfect_seconds,ROTATING_H_minus_perfect_seconds
leetcode/3731,0,5674809076917256414,159.15135535039008,0.2448140410706401,True,12.492274065501988,-56.00427960045636,0.2448140410706401,-1.0421422342769802
leetcode/3731,1,4604223465193410274,159.43111224891618,0.2448140410706401,True,12.072614840697497,-57.82099907612428,0.2448140410706401,-1.5917658545076847
leetcode/3731,2,2555872696271698909,159.73037108080462,0.2448140410706401,True,12.265974392648786,-55.702793209347874,0.2448140410706401,0.11422896431759
atcoder/abc392_b,0,6608451967869727679,195.91861601220444,0.33395160688087344,True,2.1734169120900333,-93.89713711338118,0.33395160688087344,13.585763194598258
atcoder/abc392_b,1,2475030620541058730,210.78487307671458,0.33395160688087344,True,-12.667481245007366,-122.29672418441623,0.33395160688087344,-14.669296415988356
atcoder/abc392_b,2,6989948243947249292,210.86448275158182,0.33395160688087344,True,-12.709770858287811,-122.3873477508314,0.33395160688087344,-14.854017052799463
leetcode/3654,0,602084874883417181,1159.373211198952,1.9072927027009428,True,22.839115023612976,-535.4349999302067,1.9072927027009428,22.008366659283638
leetcode/3654,1,943976282607590731,1159.8099340153858,1.9072927027009428,True,23.46265650121495,-532.5723433513194,1.9072927027009428,6.1608119970187545
leetcode/3654,2,7159551641797007237,1163.8979366151616,1.9072927027009428,True,19.478622232098132,-541.0162066379562,1.9072927027009428,-7.002257819287479
atcoder/abc371_b,0,3726506164427384425,106.0022940528579,0.19240901712328196,True,3.0936682620085776,-29.843674085568637,0.19240901712328196,18.53567256964743
atcoder/abc371_b,1,4741880365530631660,106.42000992083922,0.19240901712328196,True,2.6855872943997383,-30.267639317084104,0.19240901712328196,18.72901686001569
atcoder/abc371_b,2,5692299156679670591,106.02328934939578,0.19240901712328196,True,3.0686029349453747,-29.87498986395076,0.19240901712328196,18.614317880943418
atcoder/abc388_f,0,11793581361582672,1317.415619239211,2.4015919910743833,False,19.24365581991151,-679.6506241625175,2.4015919910743833,0.6188382473774254
atcoder/abc388_f,1,6592405180324848156,1317.0666479552165,2.4015919910743833,False,15.683387871365994,-681.2888760566711,2.4015919910743833,46.665422106161714
atcoder/abc388_f,2,5033548698845297352,1315.0844297972508,2.4015919910743833,False,20.520977187901735,-679.1209476529621,2.4015919910743833,34.836459409445524
atcoder/arc195_a,0,8038887626160829019,1278.2975344937295,2.171423038933426,True,21.385490412358195,-542.4989274786785,2.171423038933426,134.5031522582285
atcoder/arc195_a,1,6148894365329665732,1279.1439712825231,2.171423038933426,True,20.15402906620875,-539.941603672225,2.171423038933426,133.6870256178081
atcoder/arc195_a,2,6576870940744694564,1278.6455707852729,2.171423038933426,True,24.831957410555333,-541.4221764826216,2.171423038933426,95.72557276394218
atcoder/arc194_e,0,6369166597569433137,1569.4615983548574,3.0546566671691835,True,20.65300753666088,-723.1580681880005,3.0546566671691835,-0.971474471502006
atcoder/arc194_e,1,990829609296186248,1568.074657119345,3.0546566671691835,True,25.99129643337801,-719.6900171930902,3.0546566671691835,0.5852704611606896
atcoder/arc194_e,2,487215081637504632,1568.2805082974955,3.0546566671691835,True,25.271759533323348,-718.7869748761877,3.0546566671691835,2.129232046660036
leetcode/3485,0,1192249599769027177,515.0057557155378,0.709462724160403,True,16.13524475740269,-195.22688692389056,0.709462724160403,-1.337012036703527
leetcode/3485,1,7181070445133348225,515.5416734814644,0.709462724160403,True,15.26488225813955,-196.15519133210182,0.709462724160403,-1.6674988898448646
leetcode/3485,2,1588923467798438438,516.4108184520155,0.709462724160403,True,17.895482967142016,-196.13310012686998,0.709462724160403,-1.5290695931762457
atcoder/abc375_e,0,816206740585074255,738.329941875767,1.0620702998712659,True,27.755795859266073,-121.95824675122276,1.0620702998712659,15.91322907852009
atcoder/abc375_e,1,944654872675479259,736.5185130052269,1.0620702998712659,True,28.526661332696676,-120.11227350588888,1.0620702998712659,3.5444819726981223
atcoder/abc375_e,2,6466122908563000333,737.8738082232885,1.0620702998712659,True,28.656938361935318,-121.17416948406026,1.0620702998712659,-2.9089816310442984
leetcode/3805,0,2633370856953749111,1067.5269272364676,1.7331747082062066,True,36.742789378389716,-457.96807681955397,1.7331747082062066,-0.9963303101249039
leetcode/3805,1,8274556339281704391,1069.4915353935212,1.7331747082062066,True,32.96078289207071,-461.71746527869254,1.7331747082062066,-8.46702296147123
leetcode/3805,2,3622245332009613564,1071.67283201823,1.7331747082062066,True,23.952207511290908,-461.57906772149727,1.7331747082062066,-1.9184482847340405
atcoder/arc183_b,0,5758100850880563532,1635.5908192601055,3.272678521927446,False,19.311471791472286,-919.2277890117839,3.272678521927446,17.082115420605987
atcoder/arc183_b,1,5775986375063197168,1634.264181586448,3.272678521927446,False,17.59116906672716,-917.7895778953098,3.272678521927446,13.33747163694352
atcoder/arc183_b,2,8194414971396775202,1634.2595394756645,3.272678521927446,False,21.11885741027072,-918.7026654947549,3.272678521927446,3.970631298609078
leetcode/3548,0,5569601087985373412,884.7847339939326,1.3378514386713505,True,26.64990037214011,-65.20636264514178,1.3378514386713505,16.380228653084487
leetcode/3548,1,715095349668464604,885.3474976089783,1.3378514386713505,True,26.025085845030844,-65.42036891030148,1.3378514386713505,137.91824779333547
leetcode/3548,2,5967716267952410017,883.9650236777961,1.3378514386713505,True,26.603149110917002,-64.84733293950558,1.3378514386713505,82.20692222798243
atcoder/abc374_d,0,7458619044622250139,509.4872794020921,0.9215548117645085,False,8.098670343402773,-233.04161340976134,0.9215548117645085,0.6763584869913757
atcoder/abc374_d,1,1770528812618958581,506.2410047063604,0.9215548117645085,False,14.402328357100487,-230.7387128956616,0.9215548117645085,157.47942827176303
atcoder/abc374_d,2,4430175591816679749,505.8461540150456,0.9215548117645085,False,10.872081848792732,-229.43660728586838,0.9215548117645085,70.84356610197574
leetcode/3637,0,3543172939033242933,1297.6724935621023,2.2514922488480806,False,28.77672593900934,-423.83070393744856,2.2514922488480806,125.43909324379638
leetcode/3637,1,2964164222957292432,1297.1066338946112,2.2514922488480806,False,31.72651932761073,-423.42171769356355,2.2514922488480806,125.68221561284736
leetcode/3637,2,8254451688146208493,1299.3772781919688,2.2514922488480806,False,30.34395516710356,-426.76542842388153,2.2514922488480806,49.96738549275324
atcoder/arc185_c,0,2250455273473439745,945.2614245270379,1.485750650987029,False,21.908909470308572,-254.17156912153587,1.485750650987029,-1.620796509552747
atcoder/arc185_c,1,3799832038010818080,945.4694827576168,1.485750650987029,False,27.33560876129195,-255.34326720284298,1.485750650987029,1.803338820580393
atcoder/arc185_c,2,238306025932773692,946.5944660939276,1.485750650987029,False,20.84586725011468,-257.50648859422654,1.485750650987029,-4.343342050909996
atcoder/abc390_d,0,2629852026683153394,889.4425459215418,1.2717534550465643,True,20.7736497935839,-236.1996969850734,1.2717534550465643,144.41983203962445
atcoder/abc390_d,1,9206892894604737751,888.13359209802,1.2717534550465643,True,18.77637963090092,-233.3630542345345,1.2717534550465643,8.521831789519638
atcoder/abc390_d,2,8665148627964399660,890.2453155922703,1.2717534550465643,True,22.45911313360557,-238.15203554322943,1.2717534550465643,0.6794578656554222
leetcode/3692,0,4981754191340862769,1544.9377735024318,2.9399977633729577,True,34.27801670553163,-588.3481379277073,2.9399977633729577,-11.328728809952736
leetcode/3692,1,8540451014872250915,1544.9300225069746,2.9399977633729577,True,33.759176038205624,-588.6605776036158,2.9399977633729577,8.141228327527642
leetcode/3692,2,6974037890023328604,1542.994544136338,2.9399977633729577,True,36.53720521973446,-584.7286183005199,2.9399977633729577,44.92818352114409
leetcode/3608,0,7141735030266550550,1267.8766832780093,2.2534321350976825,True,25.854629988316447,-108.49703854881227,2.2534321350976825,-0.43174570705741644
leetcode/3608,1,6226583814885714274,1267.7972881812602,2.2534321350976825,True,26.59974209079519,-108.76237214263529,2.2534321350976825,-3.768861842341721
leetcode/3608,2,2623268241156876236,1271.252694258932,2.2534321350976825,True,24.326710262335837,-112.6909415605478,2.2534321350976825,-6.266541623976082
atcoder/abc380_g,0,5903308817648400422,1916.3363616089337,3.731166848912835,False,144.59875330608338,-907.3238994129933,3.731166848912835,2.4782902114093304
atcoder/abc380_g,1,7655610631186808338,1918.0631744503044,3.731166848912835,False,116.73167382227257,-910.8520201784559,3.731166848912835,-1.4208118310198188
atcoder/abc380_g,2,6211372735167180394,1905.3281640568748,3.731166848912835,False,134.0500549231656,-897.3955060373992,3.731166848912835,12.437413264531642
atcoder/abc399_b,0,8094253765616260634,375.82039115484804,0.5782291232608259,True,16.621116302441806,-195.99592947028577,0.5782291232608259,-0.8400842347182333
atcoder/abc399_b,1,8496639392564718654,375.1457733269781,0.5782291232608259,True,16.156557775568217,-193.58712910767645,0.5782291232608259,-1.9080105354078114
atcoder/abc399_b,2,4110700670593301263,375.8144834875129,0.5782291232608259,True,14.748237400781363,-195.1971681411378,0.5782291232608259,-1.7875903295353055
atcoder/abc365_a,0,8865910420301660150,120.10028368234634,0.2345501738600433,True,1.1953949918970466,-62.71336413640529,0.2345501738600433,-0.6514642518013716
atcoder/abc365_a,1,8810357383508508538,119.28819669084623,0.2345501738600433,True,2.0452876412309706,-61.87341832323,0.2345501738600433,17.545932290144265
atcoder/abc365_a,2,5449721495688833674,119.23950149910524,0.2345501738600433,True,2.0843798858113587,-61.85195179050788,0.2345501738600433,0.8723136647604406
atcoder/abc379_d,0,4216276590554047977,598.5367767210118,0.8734920187853277,True,21.237974380142987,425.8949325880967,0.8734920187853277,3.6742953532375395
atcoder/abc379_d,1,8719911657279271933,599.4149590376765,0.8734920187853277,True,16.279855257365853,425.7391579905525,0.8734920187853277,3.883516712114215
atcoder/abc379_d,2,3001171665833042322,601.1779796564952,0.8734920187853277,True,17.48230841802433,421.6555691258982,0.8734920187853277,-0.5244098538532853
atcoder/abc374_c,0,4303925584281800885,646.4009557389654,0.9303145622834563,True,11.189597410149872,-15.581934138666838,0.9303145622834563,-0.25303583685308695
atcoder/abc374_c,1,368215483382528070,641.8792274254374,0.9303145622834563,True,22.200979218352586,-12.748696815688163,0.9303145622834563,3.2079474898055196
atcoder/abc374_c,2,1313553660448605385,644.9386084084399,0.9303145622834563,True,16.898567168973386,-15.383831210900098,0.9303145622834563,-3.2797048343345523
atcoder/abc399_e,0,6367872658781480572,1596.0994256860577,3.4844132349826396,False,19.00140488287434,-758.5048054945655,3.4844132349826396,0.7994233071804047
atcoder/abc399_e,1,6434689519045798661,1596.388237865176,3.4844132349826396,False,17.19393628463149,-759.4098250004463,3.4844132349826396,145.643162347842
atcoder/abc399_e,2,8450207711231961127,1597.6728422753513,3.4844132349826396,False,14.598128979559988,-762.1473747976124,3.4844132349826396,70.28288201475516
leetcode/3777,0,3088442405610194879,1385.5554196573794,2.5325173940509558,False,27.043496211990714,-735.3012043610215,2.5325173940509558,-6.075163344852626
leetcode/3777,1,809166969972768261,1382.8765327841975,2.5325173940509558,False,28.61768342135474,-732.9749647327699,2.5325173940509558,2.046631337609142
leetcode/3777,2,4407517895965036895,1384.2782094264403,2.5325173940509558,False,24.146274285856634,-733.1477369219065,2.5325173940509558,-7.053907625377178
leetcode/3605,0,8370111154537588636,554.8366238297895,0.7643255642615259,True,12.601945291738957,493.9291606172919,0.7643255642615259,-0.21189466770738363
leetcode/3605,1,7364966311884159672,556.7059253915213,0.7643255642615259,True,13.369546083267778,491.82401021337137,0.7643255642615259,0.17634060932323337
leetcode/3605,2,3866963257392639734,553.1961303781718,0.7643255642615259,True,17.499514747411013,493.58016023691744,0.7643255642615259,4.236752521712333
atcoder/arc192_b,0,271741859637266739,1288.7598875267431,2.3388128550723195,False,8.957038443535566,-807.6843265956268,2.3388128550723195,0.7258717138320208
atcoder/arc192_b,1,320500646826945249,1288.2145775705576,2.3388128550723195,False,27.864926516544074,-806.2432283516973,2.3388128550723195,3.3993053738959134
atcoder/arc192_b,2,629249979114551126,1289.5837270026095,2.3388128550723195,False,16.937837057746947,-805.7209582016803,2.3388128550723195,2.132348900195211
atcoder/abc398_b,0,3292846130148227291,269.5882505807094,0.40461302921175957,True,9.896390301641077,105.11268231039867,0.40461302921175957,2.095566258765757
atcoder/abc398_b,1,9054420676347653606,269.32192294392735,0.40461302921175957,True,9.520291773602366,107.13528595399112,0.40461302921175957,2.3213738868944347
atcoder/abc398_b,2,6238670866567850480,269.41083542862907,0.40461302921175957,True,10.888697367161512,106.49972494645044,0.40461302921175957,1.2166853328235447
atcoder/abc391_b,0,9097122991407880485,366.15637600794435,0.5180379329249263,True,14.632862342055887,-131.47089095693082,0.5180379329249263,0.0926751159131527
atcoder/abc391_b,1,6704151612643939683,365.3864795244299,0.5180379329249263,True,15.271107078529894,-131.93338756030425,0.5180379329249263,1.434615961741656
atcoder/abc391_b,2,6030951239639502788,364.5549236466177,0.5180379329249263,True,16.10497937630862,-130.86436610436067,0.5180379329249263,2.7324539218097925
atcoder/abc371_c,0,7485436947798134477,472.9192353626713,0.7949440842494369,True,18.04185511218384,-61.596726569347084,0.7949440842494369,-2.030710667837411
atcoder/abc371_c,1,5228355335334481423,477.1915059071034,0.7949440842494369,True,14.362261112779379,-66.06138805346563,0.7949440842494369,-4.19751918502152
atcoder/abc371_c,2,2642490129321153346,471.92989893304184,0.7949440842494369,True,18.513345629908144,-56.69219790305942,0.7949440842494369,0.02393343299627304
atcoder/abc393_a,0,8259698016691352581,95.51942367525771,0.19883873593062162,True,1.8253580834716558,17.330015146639198,0.19883873593062162,100.93785989237949
atcoder/abc393_a,1,297048068263998251,95.47733791032806,0.19883873593062162,True,3.0467385738156736,15.314068876672536,0.19883873593062162,8.823382809292525
atcoder/abc393_a,2,7216287730741849612,95.75109583605081,0.19883873593062162,True,2.5593514470383525,16.95001859497279,0.19883873593062162,1.5068263397552073
leetcode/3763,0,773949148288682906,414.6612169290893,0.5620396360754967,False,19.596493396908045,-126.52154281409457,0.5620396360754967,4.034788463730365
leetcode/3763,1,8903935628087030339,415.9567025876604,0.5620396360754967,False,16.7737471498549,-127.8592705396004,0.5620396360754967,5.585362465586513
leetcode/3763,2,9020912472600228931,415.1352041196078,0.5620396360754967,False,15.58171006757766,-128.4666194850579,0.5620396360754967,0.9617806007154286
atcoder/abc400_g,0,3457906892672981288,1097.5684902551584,2.257070494815707,False,17.94674472603947,-440.1110038650222,2.257070494815707,3.5638631167821586
atcoder/abc400_g,1,2976934537790601565,1097.6471663881093,2.257070494815707,False,22.964040672406554,-441.17325799167156,2.257070494815707,141.0520586478524
atcoder/abc400_g,2,2044992675538090211,1097.5167477028444,2.257070494815707,False,20.54958217171952,-440.1077424902469,2.257070494815707,6.308564373292029
leetcode/3502,0,1754138847883249071,366.7342843920924,0.4706213832832873,True,18.449487059377134,91.83871249295771,0.4706213832832873,1.0438586631789804
leetcode/3502,1,3780842152981012307,365.81418677652255,0.4706213832832873,True,17.873216790147126,94.70115606486797,0.4706213832832873,1.3315987074747682
leetcode/3502,2,2128145961303118128,365.23914775485173,0.4706213832832873,True,16.664882528595626,92.6032401677221,0.4706213832832873,0.9591437405906618
atcoder/abc385_a,0,4044029731023674020,405.4644940989092,0.5604520780034363,True,10.597685005515814,-7.393297997303307,0.5604520780034363,0.970234296284616
atcoder/abc385_a,1,223997586439075767,404.74245957424864,0.5604520780034363,True,13.553199327550828,-7.5838605291210115,0.5604520780034363,2.2701038997620344
atcoder/abc385_a,2,7538539520049798580,402.3622412858531,0.5604520780034363,True,11.77309941034764,-5.276837587356567,0.5604520780034363,3.024943674914539
atcoder/abc373_b,0,1356165232149229952,261.3183411662467,0.37787430780008435,True,13.981638742145151,-156.7466531158425,0.37787430780008435,4.124484041240066
atcoder/abc373_b,1,6863191953479434355,260.7770100310445,0.37787430780008435,True,15.43742798967287,-158.2356794057414,0.37787430780008435,0.791410893201828
atcoder/abc373_b,2,4286773374730783216,260.6868848539889,0.37787430780008435,True,16.242267749272287,-158.50219584070146,0.37787430780008435,2.1023299214430153
leetcode/3518,0,4375901287293014945,1067.0520232943818,1.7210739459842443,True,27.217846715357155,-767.8180960183963,1.7210739459842443,-0.6197671056725085
leetcode/3518,1,3670050756944745690,1066.9196591516957,1.7210739459842443,True,28.156729151960462,-764.5136382495984,1.7210739459842443,-4.161783100571483
leetcode/3518,2,8691967574826319061,1067.776800291147,1.7210739459842443,True,23.843564932234585,-769.3444595211186,1.7210739459842443,-4.347866292577237
atcoder/abc377_b,0,7752929249418994934,299.746350036934,0.42540611093863845,True,-9.591017128899693,-71.39193406049162,0.42540611093863845,0.5913550397381186
atcoder/abc377_b,1,8484908295077021,286.08591044833884,0.42540611093863845,True,33.61521921586245,-60.00319476937875,0.42540611093863845,1.4075708761811256
atcoder/abc377_b,2,2498703345604098299,300.96998557727784,0.42540611093863845,True,-10.842891086358577,-74.88155903015286,0.42540611093863845,3.159096864517778
leetcode/3832,0,2378700282511147283,751.2071028333157,1.1121407798491418,True,15.263400710187852,-113.05859011504799,1.1121407798491418,4.144338706508279
leetcode/3832,1,4795241840599314823,752.993387308903,1.1121407798491418,True,13.314586041960865,-117.37916540913284,1.1121407798491418,4.475675693247467
leetcode/3832,2,8828063187460743571,753.2164844307117,1.1121407798491418,True,12.050558588001877,-115.48138795560226,1.1121407798491418,1.9431709735654294
atcoder/abc391_e,0,3511687230791900604,918.144541835878,1.5345067558810115,True,27.177892175503075,101.41743821045384,1.5345067558810115,74.24848390743136
atcoder/abc391_e,1,8175608921276052948,915.3343322779983,1.5345067558810115,True,25.735884501133114,103.27451413683593,1.5345067558810115,23.58699598023668
atcoder/abc391_e,2,3015505181836250825,917.358155711554,1.5345067558810115,True,24.822993551380932,101.17366624437273,1.5345067558810115,-0.5511219999752939
atcoder/abc368_c,0,2909760556700491681,415.6307719149627,0.7601951793767512,True,14.48125167703256,-77.80040819337592,0.7601951793767512,4.196491103153676
atcoder/abc368_c,1,1289215818928398114,416.4691298431717,0.7601951793767512,True,-7.319122234825045,-80.4651327719912,0.7601951793767512,38.46289619104937
atcoder/abc368_c,2,6254297411151131064,416.5604232577607,0.7601951793767512,True,-9.364856598898768,-79.30366996489465,0.7601951793767512,18.08436827454716
leetcode/3495,0,1565173918879786362,348.44281297083944,0.5925575718283653,True,12.308243789710104,-105.48416058626026,0.5925575718283653,-1.059254515916109
leetcode/3495,1,9024984332847701240,350.0658194744028,0.5925575718283653,True,7.818427753634751,-105.66455679852515,0.5925575718283653,-0.6413589986041188
leetcode/3495,2,3212088158489730827,347.6942564789206,0.5925575718283653,True,11.552653377875686,-102.89370057638735,0.5925575718283653,1.8990964218974113
leetcode/3789,0,269029406233041057,896.3415057533421,2.12814679229632,False,23.997445601504296,-281.13299308530986,2.12814679229632,58.64814451849088
leetcode/3789,1,8599141550445160928,898.4358500954695,2.12814679229632,False,19.274063746910542,-280.7003997922875,2.12814679229632,-1.5600450639612973
leetcode/3789,2,6784466414361775050,897.0266991406679,2.12814679229632,False,21.345820349175483,-281.10237389896065,2.12814679229632,10.608203856740147
atcoder/arc185_b,0,10380943433322328,820.4878734345548,1.9458936308510602,False,12.41531213093549,-100.46444322774187,1.9458936308510602,1.2081425990909338
atcoder/arc185_b,1,3740836741728906423,819.0763639337383,1.9458936308510602,False,10.996906942222267,-89.38893087627366,1.9458936308510602,1.9520572354085743
atcoder/arc185_b,2,5102987364848232562,820.5041506816633,1.9458936308510602,False,9.854675457812846,-98.6273567029275,1.9458936308510602,40.33282415010035
leetcode/3736,0,7515845298237230753,261.85999421356246,0.3887616987340152,True,9.449182845186442,-139.55765974987298,0.3887616987340152,0.629486573394388
leetcode/3736,1,4247951906098248978,262.1725295782089,0.3887616987340152,True,6.5566117586568,-141.47072928445414,0.3887616987340152,-0.13655628683045506
leetcode/3736,2,1931502782461794081,264.2918047509156,0.3887616987340152,True,7.2513291370123625,-143.36876808246598,0.3887616987340152,-2.339426560793072
atcoder/abc370_f,0,8158212927794548221,1141.6680893469602,3.0095209549181163,False,36.157033239956945,-333.36294423462823,3.0095209549181163,-3.827031278051436
atcoder/abc370_f,1,8766200670538295375,1142.2629680633545,3.0095209549181163,False,41.693129528313875,-364.432474588044,3.0095209549181163,-12.350072942208499
atcoder/abc370_f,2,4532927311159771363,1140.7552736904472,3.0095209549181163,False,39.57684574415907,-312.66309912642464,3.0095209549181163,-1.1724369428120553
atcoder/arc188_d,0,5975390404176266514,1517.392912981566,3.0701434672810137,False,91.00176599342376,-789.9598796316423,3.0701434672810137,3.1424528770148754
atcoder/arc188_d,1,1421106230739175245,1517.4263384956867,3.0701434672810137,False,110.81554717663676,-807.0691540660337,3.0701434672810137,0.27978329360485077
atcoder/arc188_d,2,7917157381048755466,1517.4564713807777,3.0701434672810137,False,123.20120289176702,-806.0264467317611,3.0701434672810137,31.14985525654629
leetcode/3788,0,3506043183728101469,1020.050030503422,2.694383609574288,False,16.764846462290734,-674.8630775650963,2.694383609574288,3.649163067806512
leetcode/3788,1,742180843105321238,1020.3763821600005,2.694383609574288,False,10.87041250942275,-674.3305054074153,2.694383609574288,2.147530237212777
leetcode/3788,2,2575048320639776507,1021.5379447457381,2.694383609574288,False,10.141312659252435,-676.2667427463457,2.694383609574288,4.737564200069755
atcoder/abc393_b,0,2292829113584463531,349.94644119404256,0.5894307652488351,True,12.681573760230094,-226.46480441000313,0.5894307652488351,2.583652803208679
atcoder/abc393_b,1,5289394041489309004,352.38311767438427,0.5894307652488351,True,9.217996935825795,-229.95948055619374,0.5894307652488351,0.6810127724893391
atcoder/abc393_b,2,5810831660655144303,351.04773504752666,0.5894307652488351,True,12.297446008771658,-224.62828005384654,0.5894307652488351,-11.748622716870159
leetcode/3682,0,8686768016373385497,515.9141297643073,0.9542765840888023,True,14.325642510782927,-237.00077872956172,0.9542765840888023,97.06003776751459
leetcode/3682,1,5808861892274188736,516.5664774901234,0.9542765840888023,True,10.76412897463888,-238.04039956675842,0.9542765840888023,40.36500911740586
leetcode/3682,2,1704127010432641799,515.8836584668607,0.9542765840888023,True,16.917416523210704,-235.397113034036,0.9542765840888023,10.534659266937524
leetcode/3744,0,6930982558265941832,546.480409280397,1.0861219898797572,True,14.274487811140716,-245.6546369367279,1.0861219898797572,5.51924461312592
leetcode/3744,1,6095815093841255860,548.3110762815922,1.0861219898797572,True,11.200336936395615,-249.8613353795372,1.0861219898797572,2.771051501855254
leetcode/3744,2,6818537377799073265,548.4789815517142,1.0861219898797572,True,9.314850240014493,-249.39059814438224,1.0861219898797572,0.732774923555553
atcoder/abc398_g,0,7057356574143599822,654.7471641823649,1.434759627096355,False,9.029494296293706,-71.46225994406268,1.434759627096355,-0.3525758748874068
atcoder/abc398_g,1,1251248926766354417,653.9223495000042,1.434759627096355,False,8.938318140339106,-72.01682826783508,1.434759627096355,0.8531970484182239
atcoder/abc398_g,2,2095362392163637825,654.209360581357,1.434759627096355,False,11.511941314674914,-72.45963285444304,1.434759627096355,3.0926500111818314
atcoder/abc398_d,0,8057048407337839277,704.3501299377531,1.5950301438570023,True,9.658502490259707,15.11136591527611,1.5950301438570023,101.03677385626361
atcoder/abc398_d,1,7975760539372679154,702.503473083023,1.5950301438570023,True,18.202325080521405,16.63739657169208,1.5950301438570023,0.2710161581635475
atcoder/abc398_d,2,7968502611448766251,703.8300329591148,1.5950301438570023,True,14.369598915800452,15.375864903442562,1.5950301438570023,-1.5071370676159859
atcoder/arc181_a,0,5289971025267529174,1037.9030289491639,2.9059232329018414,False,11.787663589697331,-326.01185855828226,2.9059232329018414,2.7103827032260597
atcoder/arc181_a,1,1348615501929721780,1039.0062030539848,2.9059232329018414,False,10.717546914704144,-323.91306980187073,2.9059232329018414,3.9521034890785813
atcoder/arc181_a,2,2526812559218037563,1040.8912410265766,2.9059232329018414,False,9.769992389250547,-323.2434608968906,2.9059232329018414,2.003911577165127
atcoder/abc374_b,0,4206756810774624804,99.7032831190154,0.16489654267206788,True,1.934614123776555,70.81576321506873,0.16489654267206788,10.839829083066434
atcoder/abc374_b,1,3959942677362755329,110.97408504458144,0.16489654267206788,True,-9.619602591730654,71.19463833933696,0.16489654267206788,-11.100330762099475
atcoder/abc374_b,2,5643818170466963158,111.37070485856384,0.16489654267206788,True,-10.03711662022397,70.20707071805373,0.16489654267206788,-11.501530531793833
atcoder/abc372_g,0,1695476528626935429,1190.231087421067,3.269958931952715,False,21.706222069449723,-391.0279800221324,3.269958931952715,73.94006774201989
atcoder/abc372_g,1,6783782240780620320,1187.0963453003205,3.269958931952715,False,23.064302450511605,-420.3430981892161,3.269958931952715,79.59696031268686
atcoder/abc372_g,2,5530585996553149066,1187.1898407484405,3.269958931952715,False,24.048838255461305,-414.3701071301475,3.269958931952715,81.122802763246
atcoder/arc194_d,0,5244838377112195004,1275.1871404736303,3.4829498850740492,False,106.17179925506935,-583.8593673915602,3.4829498850740492,29.828112840186805
atcoder/arc194_d,1,8061127686187352056,1302.8162525705993,3.4829498850740492,False,75.8629138241522,-611.9430621690117,3.4829498850740492,1.1909955977462232
atcoder/arc194_d,2,4033222012965534085,1276.61558943009,3.4829498850740492,False,62.85546373156831,-585.8351066666655,3.4829498850740492,30.159140666015446
leetcode/3751,0,6012203128567088402,471.6092667421326,0.7767377002164721,False,9.645206918474287,77.5851394101046,0.7767377002164721,0.7303295433521271
leetcode/3751,1,9124149829049613399,469.2599770245142,0.7767377002164721,False,10.543971749953926,80.96670248406008,0.7767377002164721,-0.17418242851272225
leetcode/3751,2,7256598019718650384,472.11698085907847,0.7767377002164721,False,8.466653413604945,77.15119279688224,0.7767377002164721,-1.0287664257921278
atcoder/arc193_a,0,3084303403334812062,1352.5432609147392,3.560588788241148,False,12.619030541274697,-425.07001870824024,3.560588788241148,0.1034055589698255
atcoder/arc193_a,1,7254527421932452895,1365.1643994334154,3.560588788241148,False,-10.683109224308282,-444.7193181249313,3.560588788241148,110.41626764135435
atcoder/arc193_a,2,2129230840354442545,1381.1056500123814,3.560588788241148,False,-12.403212549630553,-453.0071118148044,3.560588788241148,-8.627851910423487
atcoder/abc377_d,0,4748457398258237266,838.9466728949919,1.9510775851085782,True,17.81512244930491,-521.00140335178,1.9510775851085782,-3.703358663711697
atcoder/abc377_d,1,5300028607633242729,837.1621916131116,1.9510775851085782,True,16.251417346764356,-518.0611922186799,1.9510775851085782,-0.76572958054021
atcoder/abc377_d,2,2168073973302856964,836.3543942286633,1.9510775851085782,True,13.735248737502843,-513.5812782864086,1.9510775851085782,0.20200578775256872
atcoder/abc377_a,0,7598980040561133938,41.70866807131097,0.08802344603464007,True,0.21417483314871788,-12.215767367742956,0.08802344603464007,-0.473088304977864
atcoder/abc377_a,1,3652579338647849673,41.17214603582397,0.08802344603464007,True,0.748764643445611,-11.705628972966224,0.08802344603464007,0.06178560946136713
atcoder/abc377_a,2,2987873357444041405,41.17481555510312,0.08802344603464007,True,0.19398673670366406,-2.9843271048739552,0.08802344603464007,0.09022993501275778
atcoder/abc393_f,0,5087012212065420481,445.76016008714214,0.8222157037816942,True,16.616001694928855,70.3916587983258,0.8222157037816942,1.401454561855644
atcoder/abc393_f,1,6788608166218182190,447.9248700966127,0.8222157037816942,True,14.228442420251667,66.28463454032317,0.8222157037816942,0.8086265879683197
atcoder/abc393_f,2,4740481108047286921,445.5099405273795,0.8222157037816942,True,19.623118576593697,68.25435306038707,0.8222157037816942,1.967682069633156
atcoder/abc390_e,0,8000581708716338034,582.6707810172811,1.14310537930578,True,15.185337278060615,28.86527709616348,1.14310537930578,2.529644030611962
atcoder/abc390_e,1,1261434883456849023,583.9153151158243,1.14310537930578,True,15.86271733790636,28.532307859975845,1.14310537930578,-1.8040849496610463
atcoder/abc390_e,2,6154322352748059324,582.6796290846542,1.14310537930578,True,15.26756671210751,25.74050479149446,1.14310537930578,8.71905266540125
atcoder/abc394_g,0,1969209078908508391,973.6565774506889,1.9778704848140478,False,45.61001843819395,-364.7888466627337,1.9778704848140478,88.26698973402381
atcoder/abc394_g,1,5968960549424025403,974.6645171511918,1.9778704848140478,False,42.05420212773606,-365.3537733242847,1.9778704848140478,16.821468140929937
atcoder/abc394_g,2,3893858776795269376,977.9720942024142,1.9778704848140478,False,31.2586809261702,-369.7451922898181,1.9778704848140478,39.427530319895595
atcoder/abc398_a,0,6368435060145441161,155.72570215258747,0.19631154090166092,True,-9.308547928463668,267.16462627239525,0.19631154090166092,-10.634262833744287
atcoder/abc398_a,1,1987294353706905053,155.52841417863965,0.19631154090166092,True,-9.121192964259535,262.1111425240524,0.19631154090166092,0.36637901002541184
atcoder/abc398_a,2,6401666243916355439,159.00873484974727,0.19631154090166092,True,-12.61309756245464,257.8258249014616,0.19631154090166092,-3.0650353245437145
leetcode/3811,0,3550708054978896568,88.25380344782025,0.13754995167255402,True,10.629924171138555,-25.587658351287246,0.13754995167255402,0.9251779043115675
leetcode/3811,1,5272257258325376701,88.18739455891773,0.13754995167255402,True,15.699028097093105,-25.466234863735735,0.13754995167255402,0.32641942566260695
leetcode/3811,2,3698136761642048128,88.67982268007472,0.13754995167255402,True,11.901535356417298,-20.571815370582044,0.13754995167255402,8.26937672868371
atcoder/abc368_g,0,5673651198867800401,609.8907586322166,1.28671709401533,False,7.723967887926847,68.7350725820288,1.28671709401533,-2.1183020221069455
atcoder/abc368_g,1,7713126457030717025,610.0072561376728,1.28671709401533,False,8.190745268948376,70.29749839380383,1.28671709401533,-0.5145937777124345
atcoder/abc368_g,2,5684791470073718554,608.2642144146375,1.28671709401533,False,8.403065603226423,71.59814789285883,1.28671709401533,6.985451048705727
atcoder/abc366_d,0,309273886836010200,570.0931789982133,1.0672684172168374,True,12.843003812246025,-174.5691926307045,1.0672684172168374,5.688899086788297
atcoder/abc366_d,1,8357216834862663428,567.869779560715,1.0672684172168374,True,12.620428112335503,-174.33347913483158,1.0672684172168374,101.94688678067178
atcoder/abc366_d,2,27896342539677984,566.0652101975866,1.0672684172168374,True,12.907625943422318,-170.75043484847993,1.0672684172168374,5.145856505725533
atcoder/arc188_a,0,1109093442441351138,930.4222164396197,2.314608956221491,False,16.75414930516854,-236.93967468384653,2.314608956221491,88.06042302260175
atcoder/arc188_a,1,5254383615689488932,930.9957262952812,2.314608956221491,False,17.897192446514964,-234.6092348494567,2.314608956221491,85.0242804409936
atcoder/arc188_a,2,2010003539957655582,929.5687636500224,2.314608956221491,False,21.67633057013154,-234.07556385127828,2.314608956221491,44.25185275170952
leetcode/3543,0,1899570830718227976,208.3713049867656,0.4551573134958744,True,8.814182467060164,-96.42742041288875,0.4551573134958744,2.636103330180049
leetcode/3543,1,8125184257761784119,207.5359119696077,0.4551573134958744,True,9.002536605345085,-94.64217011793517,0.4551573134958744,2.520298885181546
leetcode/3543,2,4054205378965518771,204.7385871054139,0.4551573134958744,True,10.605944978771731,-92.78549075848423,0.4551573134958744,5.792443165555596
atcoder/abc388_e,0,2961649372093330733,339.9727650852874,0.4947002239059657,True,12.1438335867133,448.90975719946437,0.4947002239059657,-1.0368921279441565
atcoder/abc388_e,1,2001846984015399767,339.1001597472932,0.4947002239059657,True,-15.336702862288803,446.5971658665221,0.4947002239059657,-17.315628612879664
atcoder/abc388_e,2,7434240728437127453,339.3653594092466,0.4947002239059657,True,-15.62224232382141,448.33904306357726,0.4947002239059657,-17.628104495815933
atcoder/arc187_b,0,5942352774063188238,1070.2085965545848,2.1473998557776213,False,24.79284453834407,-299.35677989479154,2.1473998557776213,56.580187901854515
atcoder/arc187_b,1,8987476784732721774,1082.3315234119073,2.1473998557776213,False,16.997712975833565,-314.15802959445864,2.1473998557776213,78.13336028158665
atcoder/arc187_b,2,2115704358196868530,1082.0776935825124,2.1473998557776213,False,13.009478773223236,-307.7226875477936,2.1473998557776213,87.73076291196048
leetcode/3649,0,692666211627155907,266.9007222778164,0.4868927076458931,True,4.793220055056736,-76.55771611188538,0.4868927076458931,-1.121181158348918
leetcode/3649,1,1487005278261619230,262.33186301914975,0.4868927076458931,True,11.1516253487207,-71.68706613662653,0.4868927076458931,0.8748872727155685
leetcode/3649,2,6902981337335180397,259.8943966641091,0.4868927076458931,True,14.428711687680334,-68.32269411487505,0.4868927076458931,-1.1630363948643208
atcoder/abc375_a,0,9115793231745094683,129.9560880321078,0.25556892342865467,True,7.057275578612462,-46.878968593198806,0.25556892342865467,2.157413847744465
atcoder/abc375_a,1,5272486206831574257,129.52706283098087,0.25556892342865467,True,7.2652762699872255,-47.837181396083906,0.25556892342865467,-15.206339353695512
atcoder/abc375_a,2,3314954079087048005,128.15771045302972,0.25556892342865467,True,7.434126923792064,-47.51181127293967,0.25556892342865467,-13.809911409392953
atcoder/arc188_c,0,3124683115355723951,1089.1055030771531,2.479526672977954,False,13.956137872301042,-224.52042184676975,2.479526672977954,133.95613197190687
atcoder/arc188_c,1,4776462310738964083,1092.3965613148175,2.479526672977954,False,11.465612729545683,-225.95028605870903,2.479526672977954,163.95470739062876
atcoder/arc188_c,2,6947971330689755621,1087.7037114598788,2.479526672977954,False,20.457392679993063,-221.42157869040966,2.479526672977954,71.26148275099695
leetcode/3785,0,8620768314398106978,406.2685956261121,0.6304853339679539,True,13.685543591156602,-157.575580004137,0.6304853339679539,2.610605928581208
leetcode/3785,1,2354540175011774940,407.80785608198494,0.6304853339679539,True,11.622932194033638,-161.1631650479976,0.6304853339679539,0.7003616278525442
leetcode/3785,2,3618791672832347543,408.8316118600778,0.6304853339679539,True,11.669492275454104,-161.8837309528608,0.6304853339679539,0.6793630577158183
atcoder/abc385_f,0,7392876608029193634,1449.8580504050478,3.6679744620341808,False,59.12378308782354,-509.81138244923204,3.6679744620341808,109.71096973400563
atcoder/abc385_f,1,4118284257221796531,1433.447214038344,3.6679744620341808,False,7.761228203540668,-492.30746329319663,3.6679744620341808,125.69456342980266
atcoder/abc385_f,2,7681593004061912825,1448.3704237078782,3.6679744620341808,False,-6.845639158738777,-510.3605908395257,3.6679744620341808,111.30079689901322
atcoder/arc189_b,0,5468426471215534286,884.6333482211921,1.7652988161426038,False,10.98044052021578,210.28295913874172,1.7652988161426038,2.271175961010158
atcoder/arc189_b,1,7365576795078882280,883.5832387749106,1.7652988161426038,False,11.370942421024665,212.82020558416843,1.7652988161426038,1.4242981153074652
atcoder/arc189_b,2,1863269669910158903,884.2490598841105,1.7652988161426038,False,11.143224817933515,216.61727648577653,1.7652988161426038,2.873322289902717
leetcode/3784,0,6162401195178245189,826.8295462618116,1.6910003330558538,False,11.814350035274401,-47.98846139968373,1.6910003330558538,-7.124124443158507
leetcode/3784,1,7834609622410184427,823.1430928877089,1.6910003330558538,False,17.382878583390266,-43.830606205621734,1.6910003330558538,123.53780702315271
leetcode/3784,2,1025291350300445410,819.5991935490165,1.6910003330558538,False,23.128221972845495,-40.19927614950575,1.6910003330558538,127.4357260428369
leetcode/3709,0,1955381170192985544,788.6425090366974,1.434416654985398,True,11.588765103369951,-519.3055963693187,1.434416654985398,1.9222155413590372
leetcode/3709,1,6436135189592886269,787.9271985269152,1.434416654985398,True,14.827015320770442,-521.3662344696932,1.434416654985398,1.6356347859837115
leetcode/3709,2,4478939362561876567,788.6661150660366,1.434416654985398,True,14.314622258534655,-518.4825033247471,1.434416654985398,0.6784495320171118
leetcode/3656,0,8318021949916808410,331.1292293590959,0.49243767210282385,True,10.901663125958294,-154.522315452341,0.49243767210282385,1.1469830865971744
leetcode/3656,1,1889066639833633390,332.10684000723995,0.49243767210282385,True,8.590431971941143,-155.2964224733878,0.49243767210282385,0.7256937907077372
leetcode/3656,2,3907390638212297411,332.0792166823521,0.49243767210282385,True,8.472583528608084,-155.49956578551792,0.49243767210282385,-1.6661466665100306
atcoder/arc196_c,0,6952534655086092832,1372.1840421641245,3.5344051769934595,False,19.026687773875892,-468.75491140503436,3.5344051769934595,109.41193924495019
atcoder/arc196_c,1,7656177317016381728,1372.8359731917735,3.5344051769934595,False,20.02657778118737,-471.15150602324866,3.5344051769934595,46.01680295704864
atcoder/arc196_c,2,1821510873940285670,1372.607253746828,3.5344051769934595,False,16.959060474997386,-469.05185931525193,3.5344051769934595,105.27681110519916
atcoder/abc373_c,0,3802662830278154803,99.7523987418972,0.20661811716854572,True,-14.368015313753858,-53.18760256934911,0.20661811716854572,2.2086659129709005
atcoder/abc373_c,1,5666679617948159991,84.9281810852699,0.20661811716854572,True,0.44783900980837643,-49.528249530121684,0.20661811716854572,0.5347481705248356
atcoder/abc373_c,2,1495793221439300186,84.91052805958316,0.20661811716854572,True,0.4646433303132653,-49.51695889234543,0.20661811716854572,0.5614084601402283
atcoder/abc379_c,0,3067284843369643915,478.12894857651554,0.7442654650658369,True,12.604436826193705,346.372367300326,0.7442654650658369,-2.6799891081172973
atcoder/abc379_c,1,4870918010041793321,477.75192795088515,0.7442654650658369,True,15.226350067881867,348.1321972978767,0.7442654650658369,-0.4278621952980757
atcoder/abc379_c,2,2035029265611476168,476.19491104898043,0.7442654650658369,True,17.991328603588045,348.8394267577678,0.7442654650658369,1.1007358117494732
atcoder/abc396_f,0,8725803133323035620,1462.2416794018354,3.7080952040851116,False,60.75482554337941,-563.3312988011166,3.7080952040851116,105.27535423263907
atcoder/abc396_f,1,6611502514212588550,1548.3170249999966,3.7080952040851116,False,72.54453167505562,-618.2595213328023,3.7080952040851116,19.656372169032693
atcoder/abc396_f,2,4413928449627340171,1516.9901627746876,3.7080952040851116,False,103.25176051119342,-686.1239683106542,3.7080952040851116,50.809973668307066
leetcode/3627,0,4878462990258474017,431.73308103415184,0.6477292829658836,True,17.449491675244644,-148.03189339884557,0.6477292829658836,0.8135647180024534
leetcode/3627,1,8796204115069932242,433.3279529190622,0.6477292829658836,True,15.897539286175743,-149.30206566979177,0.6477292829658836,-1.7950164340436459
leetcode/3627,2,7900106310893530096,431.1993922959082,0.6477292829658836,True,18.986017343355343,-145.78657038975507,0.6477292829658836,1.0507165142334998
atcoder/arc189_c,0,5230051572735961656,1528.8023677277379,3.8372044661082327,False,19.116297533735633,-874.136338009499,3.8372044661082327,101.58412802917883
atcoder/arc189_c,1,2575802402940937060,1515.8773026112467,3.8372044661082327,False,31.632052989676595,-859.0751796620898,3.8372044661082327,47.3551916256547
atcoder/arc189_c,2,8010460402665699222,1531.2363629960455,3.8372044661082327,False,19.171944411937147,-874.949206518475,3.8372044661082327,98.91993527999148
atcoder/abc381_e,0,6763062881933930849,1115.3858992927708,2.626967303454876,True,9.60327820922248,-426.82833373965696,2.626967303454876,7.846572242677212
atcoder/abc381_e,1,314055828934824396,1114.713684360031,2.626967303454876,True,7.7829393511638045,-424.5090368264355,2.626967303454876,4.154036954045296
atcoder/abc381_e,2,319655547440091359,1114.1094538797624,2.626967303454876,True,11.999333799583837,-425.2651546266861,2.626967303454876,-1.126691972836852
atcoder/abc386_e,0,3188505059806640149,196.2596762778703,0.3929405603557825,True,7.2534730064217,86.9125958585646,0.3929405603557825,0.9369210191071033
atcoder/abc386_e,1,6632977380943967748,198.2628206985537,0.3929405603557825,True,5.731714441906661,82.69661574228667,0.3929405603557825,-2.843229303136468
atcoder/abc386_e,2,2010509652021397452,197.1526392812375,0.3929405603557825,True,9.238610836910084,81.2797331137117,0.3929405603557825,-0.8845081217586994
leetcode/3535,0,5723983813067523565,566.3909968722146,0.8752716390881687,True,16.276560758706182,-175.70873235329054,0.8752716390881687,2.2818243987858295
leetcode/3535,1,5631750565655326151,566.2933256903198,0.8752716390881687,True,16.559160951757804,-173.20757352141663,0.8752716390881687,0.5450542715843767
leetcode/3535,2,5624614427341384919,567.1734878304414,0.8752716390881687,True,15.088087151758373,-177.2092539984733,0.8752716390881687,1.5444363367278129
leetcode/3552,0,4609221547980109915,722.6895840982907,1.2933458723127842,False,9.499627167824656,-244.6224743986968,1.2933458723127842,2.605418171733618
leetcode/3552,1,8806318316007713453,725.2438400550745,1.2933458723127842,False,7.072258382104337,-246.69582266989164,1.2933458723127842,4.8595109935849905
leetcode/3552,2,7201116829321180127,724.1261869198643,1.2933458723127842,False,10.155933392001316,-246.27897593704984,1.2933458723127842,2.025866899639368
leetcode/3527,0,3282300302613991297,1178.3517471025698,2.4708989188075066,False,32.6225267003756,-461.9156729604583,2.4708989188075066,24.2983475420624
leetcode/3527,1,5683773097147579243,1179.7735658443999,2.4708989188075066,False,36.260580635396764,-466.0787500962615,2.4708989188075066,-3.3934267645236105
leetcode/3527,2,4089319341892230588,1180.1461847340688,2.4708989188075066,False,29.890169139020145,-462.921922106063,2.4708989188075066,25.97720957081765
atcoder/abc373_a,0,1723049545267725670,127.70298821153119,0.2528103068470955,True,-11.885460223769769,-43.730139524210244,0.2528103068470955,3.95137931779027
atcoder/abc373_a,1,8849504463185665821,128.89340470032766,0.2528103068470955,True,-13.083555196179077,-44.94854995654896,0.2528103068470955,-12.026472177356482
atcoder/abc373_a,2,2948802435646036482,126.97498386213556,0.2528103068470955,True,-11.16332905413583,-43.01193473348394,0.2528103068470955,-10.21293724514544
leetcode/3588,0,556487648623811906,721.4099685619585,1.21632512495853,True,21.326186509802938,-128.54524969076738,1.21632512495853,5.006425243103877
leetcode/3588,1,479925395602852484,721.9382466687821,1.21632512495853,True,20.258899169042706,-128.3891509710811,1.21632512495853,21.820508236298338
leetcode/3588,2,6989500087839216056,722.0795416107867,1.21632512495853,True,23.756385270273313,-130.07074101851322,1.21632512495853,4.676514495164156
atcoder/abc378_g,0,5145037393454995706,1454.0007256430108,3.573502572020516,False,216.56022033211775,-982.7537905450445,3.573502572020516,114.99005000013858
atcoder/abc378_g,1,7750443655539054768,1438.558305718936,3.573502572020516,False,9.293677341425791,-959.397023395868,3.573502572020516,130.51558044645935
atcoder/abc378_g,2,2578096000401449888,1452.2414357461967,3.573502572020516,False,208.41703928099014,-976.7629350842908,3.573502572020516,116.70129925198853
atcoder/abc366_c,0,2470597564449885189,333.27725631394424,0.52249801508151,True,15.46715412195772,-54.124609757447615,0.52249801508151,1.413368872832507
atcoder/abc366_c,1,1772770757216496090,334.6594854469877,0.52249801508151,True,11.344926590798423,-58.30010387743823,0.52249801508151,1.106252280762419
atcoder/abc366_c,2,4220502498232175861,335.6739831410814,0.52249801508151,True,13.032842298969626,-56.55443510343321,0.52249801508151,1.0119304358959198
leetcode/3701,0,1649260715794530058,1256.1865900198463,2.7978508160449564,False,26.644056947436184,-467.859288275009,2.7978508160449564,15.17076507420279
leetcode/3701,1,1673837500784980139,1255.4538474818692,2.7978508160449564,False,28.27171542099677,-467.39082336612046,2.7978508160449564,0.20761074125766754
leetcode/3701,2,4277748597049075549,1253.5500183410477,2.7978508160449564,False,27.210064196959138,-464.1316032151226,2.7978508160449564,106.82703737984411
atcoder/abc377_c,0,8039373078409595742,351.10781955486163,0.6186295989900827,True,7.6019870531745255,-119.79301203391515,0.6186295989900827,-10.482627963647246
atcoder/abc377_c,1,3662770675404045626,350.9038659161888,0.6186295989900827,True,6.773996883071959,-118.783457047306,0.6186295989900827,6.9077341463416815
atcoder/abc377_c,2,1442530135336423447,349.80366328312084,0.6186295989900827,True,7.789018395124003,-117.19766611047089,0.6186295989900827,-8.472524290904403
leetcode/3778,0,7176585100184222825,91.41991999000311,0.19706112146377563,True,6.939305183244869,-30.22343966201879,0.19706112146377563,2.270579995587468
leetcode/3778,1,8148807610699526423,92.57570201903582,0.19706112146377563,True,5.007087413221598,-32.07797155389562,0.19706112146377563,-1.568893825635314
leetcode/3778,2,1683087252507647226,89.95998020470142,0.19706112146377563,True,6.570842389250174,-30.097977387020364,0.19706112146377563,3.7913722340017557
atcoder/abc396_c,0,4792992399808109282,566.8768597424496,0.8289452735334635,True,10.687856488395482,-164.12104850355536,0.8289452735334635,-1.9830470569431782
atcoder/abc396_c,1,9177499479506694975,563.4048594397027,0.8289452735334635,True,16.42126152664423,-161.15744296996854,0.8289452735334635,-0.8831111490726471
atcoder/abc396_c,2,5698140726367256472,565.1119405638892,0.8289452735334635,True,14.741262653144076,-163.0760743448045,0.8289452735334635,-1.5071568451821804
leetcode/3764,0,2728970568800624584,495.1996025526896,0.7560325639788061,True,17.972821993287653,-313.49483324284665,0.7560325639788061,2.653250714763999
leetcode/3764,1,9112554584059507982,495.7520913630724,0.7560325639788061,True,13.977163556264713,-314.52240626630373,0.7560325639788061,0.3677630992606282
leetcode/3764,2,6237349139720563190,495.20877935830504,0.7560325639788061,True,16.762491746572778,-314.98735630419105,0.7560325639788061,3.1578222629614174
leetcode/3754,0,1021902758070142963,1208.6270371698774,2.6623995129484683,False,29.117763997754082,-707.4178738510236,2.6623995129484683,94.59894645912573
leetcode/3754,1,6634638175907642279,1208.95402386575,2.6623995129484683,False,26.239791333442554,-707.3876066240482,2.6623995129484683,94.60879442607984
leetcode/3754,2,6067030364368523108,1208.2376428360585,2.6623995129484683,False,27.55587706179358,-707.262898851186,2.6623995129484683,-3.964297113241628
leetcode/3794,0,3969397845032566387,1276.2371345213614,3.2265817001461983,False,6.717187616508454,-499.12988682393916,3.2265817001461983,1.4617071766406298
leetcode/3794,1,1434754401971691068,1277.0381471863948,3.2265817001461983,False,4.057252011494711,-500.87237786734477,3.2265817001461983,-5.2029060907661915
leetcode/3794,2,2020854863071049321,1273.2847530725412,3.2265817001461983,False,10.417354565346614,-494.12990634841844,3.2265817001461983,-6.9324697609990835
atcoder/abc387_a,0,4684788002899880570,44.97472159587778,0.10131928324699402,True,-0.5915414171759039,-19.29369297833182,0.10131928324699402,0.6027692724019289
atcoder/abc387_a,1,478629204260634204,44.92563954018988,0.10131928324699402,True,-0.5733134353067726,-19.24936070293188,0.10131928324699402,0.6544419210404158
atcoder/abc387_a,2,1913006211969246568,44.93041508109309,0.10131928324699402,True,-0.5963280904106796,-19.253702650079504,0.10131928324699402,0.6388051696121693
atcoder/abc369_a,0,8412251681438742808,262.5074742080178,0.444100096821785,True,-21.049336401047185,-102.12248711078428,0.444100096821785,3.676557308062911
atcoder/abc369_a,1,8814271908157063915,260.53604227281176,0.444100096821785,True,-19.089435929665342,-101.09957049391232,0.444100096821785,1.6193136014044285
atcoder/abc369_a,2,8565019523923177566,259.78634911752306,0.444100096821785,True,-18.33676129975356,-101.66337171359919,0.444100096821785,6.003041069954634
leetcode/3532,0,5593063510754874545,1024.3548775066156,2.147668097168207,False,14.214822153560817,-435.19448368949816,2.147668097168207,101.886778017506
leetcode/3532,1,3080169385130863467,1026.0898282912094,2.147668097168207,False,14.09313278272748,-436.656917728018,2.147668097168207,73.24663192033768
leetcode/3532,2,269954915679666002,1014.5957608923782,2.147668097168207,False,21.380593348760158,-426.43650656426325,2.147668097168207,-4.253749530762434
leetcode/3793,0,5611635898926686171,505.45102158444934,0.8001535411458462,True,11.576767946593463,-172.8144123996608,0.8001535411458462,0.900166280567646
leetcode/3793,1,5304178419115914907,506.6094662514515,0.8001535411458462,True,12.229232733836398,-175.05237685074098,0.8001535411458462,0.13879941496998072
leetcode/3793,2,334294789912380887,505.8714983991813,0.8001535411458462,True,11.525964603060856,-173.92751780641265,0.8001535411458462,0.2899558979552239
leetcode/3781,0,2429306250907319376,887.7722422392108,1.65373467002064,False,27.29496682086028,-315.29757173964754,1.65373467002064,7.195809012046084
leetcode/3781,1,2297767743948818166,887.3978653589729,1.65373467002064,False,26.29514564317651,-312.05184518382885,1.65373467002064,105.92530739447102
leetcode/3781,2,5523765601113521784,888.2104545482434,1.65373467002064,False,23.921219242038205,-305.9144600802101,1.65373467002064,-4.546821714146063
atcoder/abc387_c,0,6011018924567017288,1344.6090135830455,3.081781279994175,False,20.296451492933556,-778.6684242764022,3.081781279994175,109.44194986997172
atcoder/abc387_c,1,5034194713493837218,1343.5332911580335,3.081781279994175,False,22.051133889937773,-778.9398410052527,3.081781279994175,110.60036568087526
atcoder/abc387_c,2,4767377793337924477,1344.1704079392366,3.081781279994175,False,22.223015040857717,-780.6654540663585,3.081781279994175,110.08410131372511
atcoder/arc183_c,0,6648963859074377841,1597.515523594804,3.6540926080197096,False,-66.927044312004,-1038.1906334990636,3.6540926080197096,-40.67916559870355
atcoder/arc183_c,1,6222392167587764882,1596.1409486522898,3.6540926080197096,False,-55.02798209246248,-1043.2658596439287,3.6540926080197096,1.436983207706362
atcoder/arc183_c,2,5556977142005631929,1596.0138431084342,3.6540926080197096,False,-75.79083445155993,-909.8085853834637,3.6540926080197096,1.122721319552511
atcoder/abc382_b,0,6348134351613128716,143.3629283402115,0.2345592100173235,True,-10.090453749289736,31.195387017680332,0.2345592100173235,-0.40016965265385807
atcoder/abc382_b,1,4530511434144657904,143.848703983007,0.2345592100173235,True,-10.639259593794122,32.206335524329916,0.2345592100173235,-1.9316178592853248
atcoder/abc382_b,2,2475104595616172350,143.6654347560834,0.2345592100173235,True,-10.450094918953255,31.533505144063383,0.2345592100173235,-0.934174471301958
leetcode/3773,0,4352506762566301771,403.25289503717795,0.4298284989781678,True,24.12831243639812,-214.13330151489936,0.4298284989781678,1.1733084619045258
leetcode/3773,1,3597402939989146351,403.43912175204605,0.4298284989781678,True,29.33603146020323,-214.41714215674438,0.4298284989781678,1.990402938099578
leetcode/3773,2,750877633888213347,403.731690172106,0.4298284989781678,True,23.84192025475204,-214.63593795127235,0.4298284989781678,0.7795394458808005
leetcode/3522,0,8035018454030660853,344.9096645002719,0.5800928194075823,True,5.361535776639357,-188.2891371564474,0.5800928194075823,0.6193322502076626
leetcode/3522,1,1235620038795362311,343.34396570152603,0.5800928194075823,True,8.447954630479217,-184.64850431284867,0.5800928194075823,2.2677656654268503
leetcode/3522,2,9081946011545143246,343.66193427867256,0.5800928194075823,True,11.317620464134961,-189.04658414586447,0.5800928194075823,3.9986437540501356
leetcode/3687,0,5377994581459170426,1373.2180949330796,3.1137727859895676,False,25.27496147225611,-278.5540322747547,3.1137727859895676,1.615023653022945
leetcode/3687,1,2170108609427721116,1372.5347185032442,3.1137727859895676,False,28.944345531985164,-277.42079866398126,3.1137727859895676,103.71862938790582
leetcode/3687,2,6706652830109369277,1373.137966608163,3.1137727859895676,False,30.58189732208848,-277.7386467657052,3.1137727859895676,34.32344964891672
atcoder/abc391_a,0,7365073122936494011,46.918217384954914,0.07863825117237866,True,1.953798433067277,-20.64429468032904,0.07863825117237866,-0.05176966777071357
atcoder/abc391_a,1,2942138274827826104,46.905541580403224,0.07863825117237866,True,0.8917020608205348,-20.658636199310422,0.07863825117237866,-0.06490787537768483
atcoder/abc391_a,2,5292350339047292950,46.91242297552526,0.07863825117237866,True,0.8584721817169338,-20.66093590366654,0.07863825117237866,-0.09065969474613667
atcoder/abc385_b,0,1391578265143693975,599.6995856263675,1.1877465257421136,True,8.409930922556669,-287.43848634837195,1.1877465257421136,3.9323551189154387
atcoder/abc385_b,1,5200345166391949747,601.4202509503812,1.1877465257421136,True,9.880030574277043,-289.886109338142,1.1877465257421136,-0.7900512614287436
atcoder/abc385_b,2,5695585211557128206,602.1772729828954,1.1877465257421136,True,9.851252732798457,-291.39001710526645,1.1877465257421136,-0.7962407493032515
atcoder/abc394_b,0,71394692360464589,80.22548982314765,0.2023266963660717,True,0.7254541669972241,39.396204674616456,0.2023266963660717,0.3021429516375065
atcoder/abc394_b,1,4877971905784327383,80.21869793534279,0.2023266963660717,True,0.7608610677998513,39.21824268065393,0.2023266963660717,0.2825369816273451
atcoder/abc394_b,2,4932473368520089423,92.16109132952988,0.2023266963660717,True,-11.217420679982752,11.350436944514513,0.2023266963660717,1.085629116743803
atcoder/abc374_a,0,5951778022119933791,113.86756114591844,0.15994265815243125,True,-8.40174883743748,-65.35561816673726,0.15994265815243125,-8.964667106978595
atcoder/abc374_a,1,1278439009999317338,114.07518504280597,0.15994265815243125,True,-8.615163340000436,-65.5895003315527,0.15994265815243125,-9.184042065870017
atcoder/abc374_a,2,3638760878629474202,113.62810125295073,0.15994265815243125,True,-8.169577746186405,-65.11711636069231,0.15994265815243125,-8.002522761235014
atcoder/abc395_b,0,8328311267978783049,369.217196224723,0.5282940659672022,True,15.981435348046944,-83.03080689022318,0.5282940659672022,-0.9028428152669221
atcoder/abc395_b,1,1263073640280033715,370.26695340452716,0.5282940659672022,True,16.260347026167437,-84.3663690383546,0.5282940659672022,-2.6792217569891363
atcoder/abc395_b,2,5803832959930519676,369.95914026582614,0.5282940659672022,True,18.118233874207363,-82.938743556384,0.5282940659672022,-2.2281102989800274
atcoder/abc398_f,0,286530337121779522,515.0828526727855,0.6229089796543121,True,15.453794602304697,-88.1005740556866,0.6229089796543121,2.3736213576048613
atcoder/abc398_f,1,3546495563990424658,513.3862786851823,0.6229089796543121,True,19.948298351839185,-86.8879298272077,0.6229089796543121,3.1669102292507887
atcoder/abc398_f,2,8177432556432121295,511.8935202602297,0.6229089796543121,True,21.507408872246742,-84.12592447618954,0.6229089796543121,3.25876191444695
atcoder/abc388_d,0,4079501635057568748,1132.0903323013335,2.4952968638390303,True,14.171861048322171,-308.50664741313085,2.4952968638390303,-6.932130163535476
atcoder/abc388_d,1,3979555579596983806,1134.5021024271846,2.4952968638390303,True,13.606087618740276,-309.11099067376927,2.4952968638390303,109.47108209878206
atcoder/abc388_d,2,4798382981691385259,1121.4062901772559,2.4952968638390303,True,22.418384751770645,-299.11678961501457,2.4952968638390303,65.5033161714673
atcoder/abc385_e,0,3830295692231767119,932.1558443147223,2.0260916501283646,False,14.148297161096707,-95.56088785943575,2.0260916501283646,-12.353708891198039
atcoder/abc385_e,1,2093742631304762513,932.9753124460112,2.0260916501283646,False,12.343928432790563,-98.29848025203682,2.0260916501283646,-13.9185641258955
atcoder/abc385_e,2,894967357111203254,933.1134252536576,2.0260916501283646,False,8.520577222341672,-96.254113225732,2.0260916501283646,-13.649545162916183
atcoder/abc378_f,0,4600633751785125953,814.6775914959144,1.3973434083163738,False,10.263286715140566,58.474016349064186,1.3973434083163738,48.493761824443936
atcoder/abc378_f,1,6572837554296263609,813.4568115330767,1.3973434083163738,False,13.12219715793617,60.7737071600277,1.3973434083163738,3.583225294947624
atcoder/abc378_f,2,6840580382342854892,813.7353526267689,1.3973434083163738,False,13.80652619083412,57.13284156774171,1.3973434083163738,21.81831027753651
leetcode/3607,0,7920769517890771635,1020.8678383054212,2.013018314028159,True,25.584940562956035,-207.06030099629425,2.013018314028159,88.05293715535663
leetcode/3607,1,4566693501209279592,1022.6646716312971,2.013018314028159,True,21.74956275220029,-209.6523727872409,2.013018314028159,100.52252402482554
leetcode/3607,2,2407373492063420242,1023.9501997963525,2.013018314028159,True,20.598843944026157,-208.99203577567823,2.013018314028159,99.45950318686664
leetcode/3583,0,5533292892925463253,608.163278141059,1.1012519728392363,True,21.236068186117336,-147.31410512980074,1.1012519728392363,6.166526388376951
leetcode/3583,1,4857550903776035760,606.2372958259657,1.1012519728392363,True,24.495589383179322,-145.940219248645,1.1012519728392363,3.9909824784845114
leetcode/3583,2,2589104833744280444,606.5702194115147,1.1012519728392363,True,23.42305364389904,-144.39397972729057,1.1012519728392363,-2.4154548179358244
atcoder/abc384_a,0,4684383406331101721,156.8781642850954,0.28909117728471756,True,-14.144267615163699,-94.50453797518276,0.28909117728471756,-14.126107718795538
atcoder/abc384_a,1,6901179986590165925,156.93377818656154,0.28909117728471756,True,-13.37636911473237,-94.32639948045835,0.28909117728471756,-14.831092404201627
atcoder/abc384_a,2,7539748977670727489,157.07039206218906,0.28909117728471756,True,-14.321563256438822,-94.66996985138394,0.28909117728471756,-14.928068898618221
leetcode/3759,0,6897856756317036627,640.1646430196706,1.1222193408757448,True,18.3127115261741,-209.51412101532333,1.1222193408757448,1.045067802304402
leetcode/3759,1,1049283084801501747,640.4086763220839,1.1222193408757448,True,15.164987980853766,-207.98566638701595,1.1222193408757448,18.046633964637294
leetcode/3759,2,4131078324357299583,641.3002081729937,1.1222193408757448,True,17.49642625497654,-210.78284631599672,1.1222193408757448,108.45098747173324
atcoder/abc381_d,0,8579806232010808238,599.2248244630173,0.9873621521983296,False,14.99831230705604,469.40372184384614,0.9873621521983296,3.315067328279838
atcoder/abc381_d,1,5530525308384621293,600.3180048710201,0.9873621521983296,False,12.764128253795207,470.7198873606976,0.9873621521983296,1.0391682221088558
atcoder/abc381_d,2,213052628617383461,601.0551254090387,0.9873621521983296,False,9.381160796852782,470.26494811545126,0.9873621521983296,6.028157309396192
atcoder/abc386_f,0,5329044708526567665,536.3114963590633,0.8726859830785543,False,-8.91780739207752,124.9697164169047,0.8726859830785543,1.4627884877845645
atcoder/abc386_f,1,4853655318717982468,537.4721861728467,0.8726859830785543,False,-10.0836606642697,120.02612397121266,0.8726859830785543,-0.7303159204311669
atcoder/abc386_f,2,7242394238280183647,537.3616820168681,0.8726859830785543,False,-9.955216946080327,120.4592422961723,0.8726859830785543,0.7598835441749543
atcoder/abc397_b,0,6704787423840648036,541.5421325739007,0.9007094092667103,True,4.187480494379997,272.43601941061206,0.9007094092667103,0.534739289432764
atcoder/abc397_b,1,4398183300255311913,540.2057826172095,0.9007094092667103,True,8.702734430553392,274.27221868676133,0.9007094092667103,1.1012547127902508
atcoder/abc397_b,2,3720458563989166124,539.9068324870896,0.9007094092667103,True,9.262106934795156,274.82544624549337,0.9007094092667103,1.6140189990401268
atcoder/arc194_c,0,6938101618041429362,539.8648750626016,0.861248916015029,False,20.961074747843668,-202.9473307786975,0.861248916015029,-0.033050536876544356
atcoder/arc194_c,1,8370257691610360102,540.9431753524113,0.861248916015029,False,29.314595169154927,-205.1383490958251,0.861248916015029,-0.8937800438143313
atcoder/arc194_c,2,9149257090779549395,539.7154195823241,0.861248916015029,False,24.55478445137851,-203.6751509255264,0.861248916015029,-0.031439453829079866
atcoder/abc395_e,0,1584212627977938932,550.9527094110381,0.9146422427147627,True,20.806103521725163,-219.12205547303893,0.9146422427147627,4.790014401078224
atcoder/abc395_e,1,5632632803184064207,549.7710011440795,0.9146422427147627,True,23.713576443027705,-218.94120325916447,0.9146422427147627,15.528682252392173
atcoder/abc395_e,2,973634376256346152,548.2823589209002,0.9146422427147627,True,26.093894307035953,-215.3718571998179,0.9146422427147627,13.093903005123138
leetcode/3690,0,8085909331278788903,512.5381667374168,0.9010516069829464,False,11.973535061813891,136.96984884957783,0.9010516069829464,29.32673592120409
leetcode/3690,1,8416946810613149913,506.0325475411955,0.9010516069829464,False,22.410846662009135,142.09564865357243,0.9010516069829464,158.8158974777907
leetcode/3690,2,5019947006931532861,506.25935038388707,0.9010516069829464,False,22.611408113036305,141.4897636391688,0.9010516069829464,43.893735848367214
leetcode/3651,0,1498532712179930826,164.7861994660925,0.2775944971945137,True,15.173672686098143,41.661911082686856,0.2775944971945137,0.15440275031141937
leetcode/3651,1,8563226528321965648,165.32125256722793,0.2775944971945137,True,11.102783008711413,36.200729521457106,0.2775944971945137,-2.1235992058645934
leetcode/3651,2,9017990989317619134,164.49183359113522,0.2775944971945137,True,12.859577517956495,39.650631804717705,0.2775944971945137,-1.0427260948345065
leetcode/3528,0,6142891992299130389,1360.122086907737,3.2259470799472183,True,25.988908772123978,-805.1892595619429,3.2259470799472183,4.237541080918163
leetcode/3528,1,2635248934789392972,1357.9629746996798,3.2259470799472183,True,23.707277804147452,-801.8340815408155,3.2259470799472183,107.70057965628803
leetcode/3528,2,6635673139162081090,1361.5982717347797,3.2259470799472183,True,25.028443393995985,-807.6017730799504,3.2259470799472183,102.97282979032025
leetcode/3657,0,521824705824937213,1499.518129836535,3.658611292950809,True,115.80360097973607,-791.6714634837117,3.658611292950809,108.26073502772488
leetcode/3657,1,1095008151143236269,1498.8090283926576,3.658611292950809,True,96.08772875950672,-789.9198938682675,3.658611292950809,71.11336283083074
leetcode/3657,2,5218214581921595073,1497.9317602864467,3.658611292950809,True,114.21249886718579,-788.5497333253734,3.658611292950809,109.31548633379862
atcoder/abc400_d,0,5917214158551555706,799.196714493446,1.60846983268857,False,11.819467950146645,-65.24020158685744,1.60846983268857,12.080131376162171
atcoder/abc400_d,1,4991240834022951370,798.1323608532548,1.60846983268857,False,20.656642734073102,-62.75344730913639,1.60846983268857,7.290342918597162
atcoder/abc400_d,2,2718398855446772011,797.5307924039662,1.60846983268857,False,16.601389665622264,-63.75669870665297,1.60846983268857,2.9585957005620003
leetcode/3714,0,1597560176837390297,795.3655366583262,1.4369977819733322,True,20.81971791293472,-499.9130644754041,1.4369977819733322,46.8373042428866
leetcode/3714,1,4709626835345908513,792.9809201655444,1.4369977819733322,True,21.31005583726801,-498.40742460940965,1.4369977819733322,18.24924235837534
leetcode/3714,2,7605123925336524712,795.2252887121867,1.4369977819733322,True,19.94124142313376,-500.09843165194616,1.4369977819733322,103.98331976612099
atcoder/abc396_b,0,7432668712535490445,157.509610025445,0.23035612143576145,True,-0.15458539268001914,-34.575047991704196,0.23035612143576145,-0.5435423739254475
atcoder/abc396_b,1,3571296543251645220,169.78635234595276,0.23035612143576145,True,-12.442225001752377,-48.16295958100818,0.23035612143576145,-10.683576928451657
atcoder/abc396_b,2,5815670199074585208,171.36856710002758,0.23035612143576145,True,-11.061625946080312,-60.461132595315576,0.23035612143576145,0.3967369347810745
leetcode/3560,0,5909014364814574307,1422.3859706851654,3.6690529729239643,True,21.948861798038706,-868.2436081953347,3.6690529729239643,103.62581705395132
leetcode/3560,1,1109248878283284685,1421.0729838758707,3.6690529729239643,True,21.554336335277185,-866.5231955896597,3.6690529729239643,24.52986354753375
leetcode/3560,2,6408706941979176119,1421.8294642453548,3.6690529729239643,True,24.45116830873303,-867.3874514196068,3.6690529729239643,9.46716950694099
leetcode/3525,0,101795577962037338,484.64976586587727,0.7370077599771321,True,11.377749061211944,110.68078792840242,0.7370077599771321,0.028515792218968272
leetcode/3525,1,5318444953075477077,483.4114228079561,0.7370077599771321,True,12.77741399104707,106.97148185572587,0.7370077599771321,2.6940965896937996
leetcode/3525,2,8504247933432430599,483.09962754510343,0.7370077599771321,True,14.490262975217775,105.28418190963566,0.7370077599771321,1.583938020747155
atcoder/abc378_e,0,972371848521457410,773.5778162861243,1.3371337910648435,True,22.081152762984857,-431.24678160622716,1.3371337910648435,70.98499711300246
atcoder/abc378_e,1,1255578688581695401,774.7987565789372,1.3371337910648435,True,21.499746778281406,-434.03141888417304,1.3371337910648435,49.92324899020605
atcoder/abc378_e,2,4925813123109773163,773.6214282060973,1.3371337910648435,True,22.58621038799174,-434.24703734903596,1.3371337910648435,23.599837488960475
leetcode/3591,0,4425551896666939194,460.108803417068,0.8860277161002159,True,6.263612280599773,341.79803582513705,0.8860277161002159,2.784441089257598
leetcode/3591,1,2619793191566689030,463.85567959723994,0.8860277161002159,True,8.137281666742638,335.6404198699165,0.8860277161002159,-0.46765408106148243
leetcode/3591,2,6213343168283128941,464.97674129297957,0.8860277161002159,True,1.0984003760386258,338.41051929304376,0.8860277161002159,-1.6290003042668104
leetcode/3688,0,6468318022772006357,1167.4949367607478,2.686912016943097,False,23.945531075121835,-690.634181168396,2.686912016943097,11.309299254789948
leetcode/3688,1,7188650409761814246,1175.283602260286,2.686912016943097,False,20.195591175928712,-697.1495084001217,2.686912016943097,-2.377315239980817
leetcode/3688,2,26048434425397892,1169.4535484837834,2.686912016943097,False,18.89882850111462,-692.019031834323,2.686912016943097,-2.9355838038027287
leetcode/3765,0,88704007931950431,1302.2858385739382,3.214021909981966,False,12.872984003042802,-508.6527168028988,3.214021909981966,109.46471978537738
leetcode/3765,1,4859597785415738895,1302.6849879380316,3.214021909981966,False,15.904374203179032,-506.90910510602407,3.214021909981966,-2.970308742718771
leetcode/3765,2,2029503605784323755,1301.705271684099,3.214021909981966,False,16.936160424957052,-505.91415888629854,3.214021909981966,110.04206774081104
atcoder/abc368_e,0,1773728666973344617,1035.661988192238,2.2752847620286047,True,28.326384900137782,-194.24890296137892,2.2752847620286047,91.95612703519873
atcoder/abc368_e,1,2135388580080018613,1038.2578061642125,2.2752847620286047,True,30.480068812612444,-197.56788707827218,2.2752847620286047,91.10817052214406
atcoder/abc368_e,2,1460825087900278898,1035.63590470911,2.2752847620286047,True,30.35283647174947,-186.61514052329585,2.2752847620286047,84.43143632635474
atcoder/abc368_f,0,6402237207595807020,568.294850446051,0.9214093270711601,True,16.44966003485024,-247.9922443924006,0.9214093270711601,-2.070074576186016
atcoder/abc368_f,1,7012205000209807301,567.9491610601544,0.9214093270711601,True,17.827452250756323,-234.57258793711662,0.9214093270711601,-0.13616172294132411
atcoder/abc368_f,2,6110911346910464324,568.4852369420696,0.9214093270711601,True,15.61294668680057,-235.408334716456,0.9214093270711601,-0.12081672507338226
atcoder/abc390_a,0,8695461310727283427,232.8075056800153,0.30266615003347397,True,13.810087141115218,-52.72327753715217,0.30266615003347397,-0.8819883968681097
atcoder/abc390_a,1,2537052528049059687,231.01518777082674,0.30266615003347397,True,15.491694604512304,-49.57843866688199,0.30266615003347397,0.2648849142715335
atcoder/abc390_a,2,3621001566422599568,231.81801166129299,0.30266615003347397,True,13.076518973568454,-50.95281716622412,0.30266615003347397,1.0721900018397719
atcoder/abc370_e,0,3546441715119656309,656.1251470297575,1.191183395916596,True,10.63952724635601,-327.4181721084751,1.191183395916596,3.816194467013702
atcoder/abc370_e,1,8692314529796355007,654.7201414150186,1.191183395916596,True,11.736211776267737,-323.4377750630956,1.191183395916596,0.15664978977292776
atcoder/abc370_e,2,329486267321929357,653.5172259416431,1.191183395916596,True,12.787835530703887,-324.75309570063837,1.191183395916596,-1.7919126527849585
atcoder/abc392_c,0,5999568248107838623,225.29794386588037,0.30903182178735733,True,14.769676241092384,6.714372709393501,0.30903182178735733,-1.050657239742577
atcoder/abc392_c,1,8398958392593933804,224.69204688398167,0.30903182178735733,True,18.58219753787853,9.337954557035118,0.30903182178735733,1.5291684560943395
atcoder/abc392_c,2,5997020308669245006,225.5646271049045,0.30903182178735733,True,17.343355043791234,5.347529797349125,0.30903182178735733,-1.3480715358164161
atcoder/abc375_f,0,3926147458754132853,901.9159211725928,1.9606534354388714,False,13.148544185329229,-422.0760757350363,1.9606534354388714,28.127374306321144
atcoder/abc375_f,1,7420652240851704689,899.9047746625729,1.9606534354388714,False,14.342094683554024,-409.9598228284158,1.9606534354388714,40.05283968523145
atcoder/abc375_f,2,335472702066395026,900.1074713696726,1.9606534354388714,False,15.94141482654959,-407.0263649993576,1.9606534354388714,16.025784904137254
atcoder/abc387_f,0,9014077361444304357,1439.9023929191753,3.572598166996613,True,36.60459519177675,-603.1408594797831,3.572598166996613,92.38790734880604
atcoder/abc387_f,1,2653344968381971552,1440.5574724760372,3.572598166996613,True,33.24587739701383,-602.302883122582,3.572598166996613,91.86928554298356
atcoder/abc387_f,2,1633624528992390664,1440.542187670013,3.572598166996613,True,31.867926873732358,-603.4624090339057,3.572598166996613,92.02521245274693
leetcode/3562,0,7788747262297501246,1061.6700106796343,2.270085725001991,False,23.968802008079365,-339.13613102561794,2.270085725001991,18.180232706014067
leetcode/3562,1,3927040762665115045,1063.0602555216756,2.270085725001991,False,25.215541635174304,-339.69556792336516,2.270085725001991,8.789549153065309
leetcode/3562,2,5283367949963126026,1062.5153310925234,2.270085725001991,False,24.787939104251564,-339.90364950778894,2.270085725001991,-3.7283643623813987
atcoder/abc373_g,0,1204117991909364408,571.4812266081572,0.9812234151177108,False,20.742451086640358,287.9131515007466,0.9812234151177108,3.3044439926743507
atcoder/abc373_g,1,3336995642953599073,573.0706541200634,0.9812234151177108,False,18.32081660302356,284.7013442146126,0.9812234151177108,31.32156149111688
atcoder/abc373_g,2,2586913858507790693,572.3572937231511,0.9812234151177108,False,15.351439989870414,283.3896348718554,0.9812234151177108,0.5403214152902365
atcoder/abc386_a,0,4591146143077176238,240.59196647978388,0.3901561163365841,True,2.9018478563521057,7.30241526523605,0.3901561163365841,0.46770419366657734
atcoder/abc386_a,1,7454949886773079992,236.19391939765774,0.3901561163365841,True,-13.723059034673497,9.308931823354214,0.3901561163365841,3.3369966875761747
atcoder/abc386_a,2,3192653748698905879,235.78349956474267,0.3901561163365841,True,8.644581941422075,2.4550650059245527,0.3901561163365841,3.573718385770917
atcoder/abc380_b,0,7890505021532432123,258.37571819336154,0.3964439609553665,True,7.34147772192955,-168.5804912096355,0.3964439609553665,1.690548522863537
atcoder/abc380_b,1,6081124094293278269,257.4234763730783,0.3964439609553665,True,9.506360630039126,-169.49808498634957,0.3964439609553665,0.8451514814514667
atcoder/abc380_b,2,1289924287017793922,257.522471640259,0.3964439609553665,True,6.1206862847320735,-169.7045518644154,0.3964439609553665,0.24241973226889968
leetcode/3540,0,6774422377639609571,100.15451576490887,0.1553043939638883,True,-12.848706624936312,-33.30941312084906,0.1553043939638883,0.06003192602656782
leetcode/3540,1,2122763427864896341,99.76240183599293,0.1553043939638883,True,11.877279335865751,-32.372704952722415,0.1553043939638883,-0.6703755049966276
leetcode/3540,2,6226913812093585961,98.24564900808036,0.1553043939638883,True,14.568104247096926,-31.87799734994769,0.1553043939638883,0.5984643700066954
atcoder/arc192_d,0,4670533762935996654,1515.330117435893,3.6677583551499993,False,196.60859624901786,-586.2698310846463,3.6677583551499993,98.81885944237001
atcoder/arc192_d,1,5879883291679666049,1526.4177102388348,3.6677583551499993,False,186.17532738437876,-606.4579863580875,3.6677583551499993,27.926798642380163
atcoder/arc192_d,2,825564989934468064,1521.920931466855,3.6677583551499993,False,190.82053570798598,-592.1535721030086,3.6677583551499993,92.54518212820403
leetcode/3593,0,4168146458034509217,315.0968621317297,0.45015302090905607,True,12.98359157005325,-43.88266861368902,0.45015302090905607,2.689761536428705
leetcode/3593,1,4633918085210403151,313.2725908111315,0.45015302090905607,True,16.89897663402371,-43.10642533027567,0.45015302090905607,2.5830975249409676
leetcode/3593,2,2657778255466135113,315.4319664242212,0.45015302090905607,True,13.044711196795106,-44.636309128953144,0.45015302090905607,4.090460781008005
leetcode/3610,0,4585990147299361887,388.59166961698793,0.6004813271574676,True,12.723320656921715,30.60773451649584,0.6004813271574676,1.3635756911244243
leetcode/3610,1,829386457734177806,389.2072585518472,0.6004813271574676,True,13.612912721931934,28.533664893824607,0.6004813271574676,0.9690551720559597
leetcode/3610,2,4391211512339961412,389.6788948387839,0.6004813271574676,True,13.391251176130027,32.0680211125873,0.6004813271574676,0.4186512369196862
leetcode/3616,0,2150238140373929922,432.6754314622376,0.734428470954299,True,7.116096045821905,-22.505552248796448,0.734428470954299,0.3063634093850851
leetcode/3616,1,8378293023222203936,432.8474558836315,0.734428470954299,True,5.634288676548749,-22.992388675455004,0.734428470954299,1.4237311948090792
leetcode/3616,2,1054367413508079145,431.0535616336856,0.734428470954299,True,9.137430149363354,-21.769720380660146,0.734428470954299,0.6013131067156792
leetcode/3510,0,6227461761485834415,203.81071469886228,0.39009964838624,True,9.815371522214264,-80.084292645799,0.39009964838624,1.3221262656152248
leetcode/3510,1,4659084931794449450,205.40506434766576,0.39009964838624,True,4.977033231407404,-81.61368831340224,0.39009964838624,0.6072221957147121
leetcode/3510,2,5681558228436819126,205.03336304379627,0.39009964838624,True,3.8554469363298267,-81.12255153153092,0.39009964838624,0.08533803187310696
atcoder/abc365_c,0,4723576940296222516,476.42727388301864,0.7625708619598299,True,17.392271555028856,-163.55170140275732,0.7625708619598299,1.467407061252743
atcoder/abc365_c,1,861180283356034213,477.65393821313046,0.7625708619598299,True,18.494335466064513,-169.1556686104741,0.7625708619598299,1.498389189131558
atcoder/abc365_c,2,5118308630783358992,474.7543829481583,0.7625708619598299,True,18.29291838197969,-165.59876686963253,0.7625708619598299,1.5969763260800391
atcoder/arc185_d,0,2811720946364237113,1397.3955598438624,3.7081421427428722,False,7.645290637388825,-585.7166588029359,3.7081421427428722,144.62650855071843
atcoder/arc185_d,1,1268716082794777231,1400.2302263064776,3.7081421427428722,False,1.7161566496361047,-588.1098733562976,3.7081421427428722,63.058362405747175
atcoder/arc185_d,2,6829522962516419897,1398.3092688845936,3.7081421427428722,False,15.061903690220788,-588.074377830606,3.7081421427428722,43.2350947316736
leetcode/3750,0,1346289608697842591,508.6938163388986,0.8104986660182476,True,13.765237643150613,128.07016824069433,0.8104986660182476,4.609051514184102
leetcode/3750,1,6738501007428320000,508.02934660599567,0.8104986660182476,True,15.522515209158882,126.46125278971158,0.8104986660182476,25.013186345342547
leetcode/3750,2,158655919269480867,509.352447883226,0.8104986660182476,True,11.923456043936312,126.04832897428423,0.8104986660182476,5.604964907746762
atcoder/abc400_b,0,4172420108527145073,406.6665298980661,0.6404111830051988,True,9.150053204735741,-86.65999647090212,0.6404111830051988,-13.98223243537359
atcoder/abc400_b,1,1162504264152634608,392.77538833161816,0.6404111830051988,True,25.057410108391196,-75.96574804140255,0.6404111830051988,-0.10733290994539857
atcoder/abc400_b,2,6219149213064350247,392.77554967836477,0.6404111830051988,True,24.644780220463872,-73.32572065503336,0.6404111830051988,-0.08455851790495217
leetcode/3733,0,7578784724952901966,1373.142248665681,3.557296048849821,True,12.35356278414838,-517.0010689811315,3.557296048849821,2.101510902866721
leetcode/3733,1,5215011125730943040,1374.150799115887,3.557296048849821,True,10.694822508841753,-517.3922191278543,3.557296048849821,7.575333742424846
leetcode/3733,2,4466686214260437048,1374.0416284871753,3.557296048849821,True,11.881183106452227,-514.5331371554639,3.557296048849821,-8.002022288739681
leetcode/3737,0,6021162323052109322,591.1270461557433,0.9470404430758208,True,16.22484941314906,-224.15640135179274,0.9470404430758208,1.8875816788058728
leetcode/3737,1,1060938039608536598,590.16697221715,0.9470404430758208,True,19.13053781655617,-222.60556482221,0.9470404430758208,1.716321483720094
leetcode/3737,2,2474921154563036757,590.4560435609892,0.9470404430758208,True,18.962748013902456,-224.42851199302822,0.9470404430758208,41.62026006076485
atcoder/abc376_f,0,6307979703411913699,1406.144063535612,3.357631916180253,False,13.229466369608417,-575.7598778638057,3.357631916180253,1.4237455930560827
atcoder/abc376_f,1,8049398111812427348,1406.0055545209907,3.357631916180253,False,13.816803687019274,-575.7038002172485,3.357631916180253,5.711120672523975
atcoder/abc376_f,2,3728133297739400845,1407.6886501139961,3.357631916180253,False,14.317187370033935,-577.6053114440292,3.357631916180253,132.59462829120457
leetcode/3771,0,8372284693843955087,1049.401449115947,2.0832047150470316,False,20.519465590827167,-330.18142858473584,2.0832047150470316,-0.41528035094961524
leetcode/3771,1,2016735008862403546,1049.0433822828345,2.0832047150470316,False,19.703267250210047,-328.7915988834575,2.0832047150470316,109.08346059382893
leetcode/3771,2,7936979583956260993,1049.0956520799082,2.0832047150470316,False,21.153996073873714,-329.07111909240484,2.0832047150470316,25.334380463697016
atcoder/abc370_d,0,4517986425241524321,1455.6104332946707,3.509779166430235,False,48.83854369446635,-948.3412582466844,3.509779166430235,129.92935530096292
atcoder/abc370_d,1,7123794122062848047,1470.4462208144832,3.509779166430235,False,31.927737215533853,-962.9122352544218,3.509779166430235,56.94177550077438
atcoder/abc370_d,2,7634345739117774365,1477.2738552161027,3.509779166430235,False,24.1735125600826,-972.2201688410714,3.509779166430235,-22.811258655041456
atcoder/abc368_d,0,461692154855835653,512.1275743213482,0.8397085380274802,True,17.970592751866207,160.19748818082735,0.8397085380274802,1.3486532147508115
atcoder/abc368_d,1,7819171297772246145,511.02468043914996,0.8397085380274802,True,20.35780322458595,162.28726896224543,0.8397085380274802,48.24885512050241
atcoder/abc368_d,2,7563331063948420306,513.0766672776081,0.8397085380274802,True,18.1214680923149,158.88719246978872,0.8397085380274802,87.41043077246286
leetcode/3639,0,3364226030522336801,424.65186430956237,0.6470376800280064,True,18.47167337220162,-257.2654285267927,0.6470376800280064,3.4506927393376827
leetcode/3639,1,1253741498744619538,424.6353826208506,0.6470376800280064,True,14.321352016879246,-254.84773618285544,0.6470376800280064,0.5133392934221774
leetcode/3639,2,4586561290873623227,426.1288029695861,0.6470376800280064,True,15.38415137398988,-256.4430440024007,0.6470376800280064,-0.34014207194559276
atcoder/abc367_e,0,6033734299121294176,727.1963600600138,1.2496324870735407,True,14.173955240054056,54.26680845674127,1.2496324870735407,-5.138810828328133
atcoder/abc367_e,1,8906997077190644171,728.7959805941209,1.2496324870735407,True,4.110422089230269,52.860149225918576,1.2496324870735407,-0.7396456133574247
atcoder/abc367_e,2,1266087143612446293,729.9621764430776,1.2496324870735407,True,11.462413860019296,50.16027562599629,1.2496324870735407,-0.010858729481697083
leetcode/3676,0,5810780978062125526,141.66848069196567,0.202810226008296,True,8.50083926296793,-68.3304800549522,0.202810226008296,0.11087964731268585
leetcode/3676,1,7911585692002727428,141.262721540872,0.202810226008296,True,7.750763771822676,-66.02477037790231,0.202810226008296,-3.8290287968702614
leetcode/3676,2,8149700815948102803,143.92869053292088,0.202810226008296,True,8.818690924206749,-72.18397496594116,0.202810226008296,-5.571772075723857
leetcode/3634,0,8875955446503401534,485.0016843159683,0.7436100218910724,True,14.155357778305188,-155.3580959760584,0.7436100218910724,2.5503033827990294
leetcode/3634,1,8147101975692775788,486.8270086988341,0.7436100218910724,True,11.055622652173042,-162.30952621693723,0.7436100218910724,-0.778327678097412
leetcode/3634,2,956036247539171780,484.9652732659597,0.7436100218910724,True,16.349161406746134,-158.96623669122346,0.7436100218910724,3.927160538965836
atcoder/arc190_c,0,2650879330809660188,1048.491003220901,2.3760331929661334,False,25.60398287465796,-422.22277926746756,2.3760331929661334,97.9959302698262
atcoder/arc190_c,1,7878653471410589868,1048.907666405663,2.3760331929661334,False,26.510635037906468,-422.4173821117729,2.3760331929661334,40.874296786729246
atcoder/arc190_c,2,8473773844026033685,1048.3461679019965,2.3760331929661334,False,28.93827437935397,-421.36412133509293,2.3760331929661334,99.046899728477
atcoder/abc389_d,0,9020307650504263508,831.5429437153507,1.572860575048253,True,11.885308508994058,-9.865130094112828,1.572860575048253,-0.3511078581213951
atcoder/abc389_d,1,3508804316063322857,829.2776384160388,1.572860575048253,True,17.102508870419115,-11.04330732789822,1.572860575048253,3.9679504851810634
atcoder/abc389_d,2,1058237466214728979,832.3608893794008,1.572860575048253,True,12.241427599685267,-14.119969470892102,1.572860575048253,-1.1495372510980815
atcoder/abc378_c,0,2086086479629796566,155.9618310239166,0.23413311899639666,True,10.0855305690784,-49.5472846031189,0.23413311899639666,-1.2959982629399747
atcoder/abc378_c,1,7359500568676610715,156.03973593586124,0.23413311899639666,True,9.801307999994606,-50.84915348584764,0.23413311899639666,1.1921835143584758
atcoder/abc378_c,2,8552619089515349093,157.0186503189616,0.23413311899639666,True,11.071907141711563,-51.84530657622963,0.23413311899639666,-2.506580565823242
atcoder/abc366_g,0,7247331513810660952,1391.7227001027204,3.237815391039476,False,27.95633483491838,-553.1637056902982,3.237815391039476,103.65567990066484
atcoder/abc366_g,1,8825370047301149547,1391.6616396189202,3.237815391039476,False,27.03941635391675,-555.3428119618911,3.237815391039476,104.27428886597045
atcoder/abc366_g,2,4517522633067980231,1392.9406807469204,3.237815391039476,False,25.82363627664745,-552.9974936908111,3.237815391039476,105.16633620578796
leetcode/3566,0,4306289511779913613,809.444764023181,1.4345248269382864,True,12.989420975092798,-424.31915571703576,1.4345248269382864,2.394585349364206
leetcode/3566,1,2070623675639314664,812.0402167080902,1.4345248269382864,True,11.56477701314725,-426.9414018718526,1.4345248269382864,-1.9046106282621622
leetcode/3566,2,2508665449993378520,810.9103228414897,1.4345248269382864,True,12.080996752716601,-426.47293491847813,1.4345248269382864,-1.357597041875124
leetcode/3587,0,6633457810380475228,495.2065456819255,0.7589203401003033,True,15.466980221914127,-157.36086888913997,0.7589203401003033,-1.7798306671902537
leetcode/3587,1,2815290298556947673,494.2973208029289,0.7589203401003033,True,17.283093536272645,-155.32129299198277,0.7589203401003033,-1.5289792162366211
leetcode/3587,2,1611009252066843287,494.9491556631401,0.7589203401003033,True,14.863035234622657,-154.580677873455,0.7589203401003033,0.3433145743329078
atcoder/arc192_e,0,6075925411326009176,1497.9315562699921,3.6629576629493386,False,28.925937886117026,-704.8114521093667,3.6629576629493386,68.80588975199498
atcoder/arc192_e,1,1866931419689933156,1481.131419209065,3.6629576629493386,False,26.790310621028766,-691.045709437225,3.6629576629493386,86.54473338392563
atcoder/arc192_e,2,8065813539631698730,1499.7810314709786,3.6629576629493386,False,8.422401229385287,-709.5513999171089,3.6629576629493386,68.50239698216319
atcoder/arc189_d,0,1513002468689601245,1440.988210505806,3.4199028860311955,False,21.7159588446375,-743.2029366993811,3.4199028860311955,3.349720872240141
atcoder/arc189_d,1,2361298154352701033,1444.772897257004,3.4199028860311955,False,18.184589447220787,-745.6433194268029,3.4199028860311955,0.09413132886402309
atcoder/arc189_d,2,836348401194396702,1443.245097474428,3.4199028860311955,False,1.2026258257683367,-742.7773492322303,3.4199028860311955,0.21281129959970713
leetcode/3748,0,6254024217591488755,363.36190581554547,0.528658804949373,True,18.15100854705088,12.351895305793732,0.528658804949373,-1.480365504976362
leetcode/3748,1,8581321169502866041,363.6452576278243,0.528658804949373,True,16.820098623633385,12.812392128398642,0.528658804949373,0.024193095043301582
leetcode/3748,2,7138502159233325472,364.42490724963136,0.528658804949373,True,18.9598865758162,12.09008929762058,0.528658804949373,-2.4708523869048804
leetcode/3799,0,4057020561671882249,717.1764488806948,1.4355113878846169,True,9.514921826077625,-529.8134720069356,1.4355113878846169,2.949024284258485
leetcode/3799,1,7154811867723346161,715.7078269654885,1.4355113878846169,True,12.383449197281152,-526.7870480495039,1.4355113878846169,5.069127978757024
leetcode/3799,2,6755721835710310832,716.6070381412283,1.4355113878846169,True,9.950174025725573,-529.0408299404662,1.4355113878846169,0.8903348911553621
atcoder/arc182_c,0,3988327329692978979,1436.1019196652342,3.613414131104946,False,40.74280894268304,-465.07351997611113,3.613414131104946,113.6373727787286
atcoder/arc182_c,1,2692272743111978844,1434.626291929977,3.613414131104946,False,37.94585361354984,-464.12715654377826,3.613414131104946,53.20394371263683
atcoder/arc182_c,2,2424769787201508680,1438.3573575590272,3.613414131104946,False,33.01697886711918,-466.9572676841635,3.613414131104946,92.63316451944411
atcoder/abc400_e,0,4628500908757250974,537.9221998020075,0.8121146957855672,True,19.460399326169863,-98.28770713461563,0.8121146957855672,8.750942826969549
atcoder/abc400_e,1,2814139196446756523,538.6592849087901,0.8121146957855672,True,18.013961990131065,-103.82624999480322,0.8121146957855672,7.412507376400754
atcoder/abc400_e,2,422141755433774812,539.8530214270577,0.8121146957855672,True,18.489181136945263,-101.55089563783258,0.8121146957855672,4.264307028148323
leetcode/3563,0,7183377844441802602,937.4385249041952,1.8517025969922543,False,17.90733198216185,-241.47431425051764,1.8517025969922543,6.775521763367578
leetcode/3563,1,6858799807998692555,940.860399621306,1.8517025969922543,False,15.473231201758608,-242.41563690151088,1.8517025969922543,0.04573391377925873
leetcode/3563,2,7325495159796508887,937.9585809649434,1.8517025969922543,False,15.922384192002937,-241.2254416940268,1.8517025969922543,1.3878075289539993
atcoder/abc373_e,0,5187852118422147690,1255.8863079030998,2.981028719106689,False,28.664742522640154,-420.8130283639766,2.981028719106689,100.7509444670286
atcoder/abc373_e,1,4536939641117938244,1261.6076270791236,2.981028719106689,False,24.41504841390997,-428.2839268501848,2.981028719106689,94.93792480882257
atcoder/abc373_e,2,7771873030031693695,1259.010643585585,2.981028719106689,False,24.073166595306247,-424.2682983116247,2.981028719106689,27.92498951149173
leetcode/3704,0,5278860980537769430,246.3519183760509,0.35023087286390364,True,3.710814228048548,-74.11336945695803,0.35023087286390364,-0.5876335822977126
leetcode/3704,1,1285086536679387205,243.12722017685883,0.35023087286390364,True,6.611169227398932,-69.51419389643706,0.35023087286390364,1.960052085807547
leetcode/3704,2,5308444204857883225,242.50286209606566,0.35023087286390364,True,7.831813839962706,-67.36225562682375,0.35023087286390364,1.1687056787777692
atcoder/abc391_f,0,337504545120740568,705.4094994361512,1.4141505281440914,False,9.28741397196427,-348.6019070595503,1.4141505281440914,0.18893619952723384
atcoder/abc391_f,1,2222262477578803806,704.0060566361062,1.4141505281440914,False,9.465982171706855,-349.6356641240418,1.4141505281440914,-0.9262350145727396
atcoder/abc391_f,2,6245196170075264434,705.6737528368831,1.4141505281440914,False,8.066363133955747,-351.2444117637351,1.4141505281440914,1.9083444061689079
atcoder/abc389_b,0,5093833032628480789,137.71782353473827,0.1923978461418301,True,-11.671886588679627,-54.815096833743155,0.1923978461418301,0.17009954899549484
atcoder/abc389_b,1,8460209940341192482,138.27332634059712,0.1923978461418301,True,-12.257984049618244,-55.39180013164878,0.1923978461418301,1.0136629054322839
atcoder/abc389_b,2,3287823805907265935,139.15539919491857,0.1923978461418301,True,-13.139873400097713,-57.49679864780046,0.1923978461418301,-1.6701479190960526
atcoder/abc367_b,0,1292166025033764875,531.2273667671252,0.8159526539966464,True,13.865196913015097,-230.79615077306516,0.8159526539966464,-0.1232760411221534
atcoder/abc367_b,1,1443791180571712690,531.2636853160802,0.8159526539966464,True,11.81802661321126,-226.07467202912085,0.8159526539966464,0.9225875427946448
atcoder/abc367_b,2,7675090144250281482,534.359557214193,0.8159526539966464,True,9.581177252111956,-234.2734632473439,0.8159526539966464,-1.8364268452860415
atcoder/abc369_d,0,1099645279018562726,285.54972649528645,0.4067016374319792,True,-11.447309882147238,-2.3934594315942377,0.4067016374319792,0.8548510801047087
atcoder/abc369_d,1,2707985399920411340,285.24804635881446,0.4067016374319792,True,17.123530456563458,-0.23854679777286947,0.4067016374319792,-1.2649728078395128
atcoder/abc369_d,2,5005273078778628554,285.51261657639407,0.4067016374319792,True,14.847804735880345,0.6551237090025097,0.4067016374319792,1.7332888934761286
atcoder/abc377_g,0,306921634954114904,635.4482896979898,1.1262987710069865,True,11.984570808243006,23.853413050994277,1.1262987710069865,2.0644806891214103
atcoder/abc377_g,1,8472711759329335803,635.6091130480636,1.1262987710069865,True,13.769924768945202,24.76373374904506,1.1262987710069865,2.1937488969415426
atcoder/abc377_g,2,5570709551295307234,635.4634415167384,1.1262987710069865,True,13.992834002245218,24.46125044161454,1.1262987710069865,2.124754429794848
leetcode/3791,0,6450748819802546418,718.182416629279,1.202208697097376,True,24.470549314748496,-205.0061738754157,1.202208697097376,-10.316201277310029
leetcode/3791,1,1843545969805235569,719.8331887319218,1.202208697097376,True,20.681357701309025,-208.57902497868054,1.202208697097376,1.2347532999701798
leetcode/3791,2,3503937701835480755,718.1912613231689,1.202208697097376,True,21.52308134571649,-208.27482750080526,1.202208697097376,5.049888614797965
atcoder/abc381_b,0,6786767578732562280,251.660546728177,0.39436169201508164,True,-6.8223353701177984,-22.706037207273766,0.39436169201508164,-8.556757911108434
atcoder/abc381_b,1,8737282886402811006,251.8822960020043,0.39436169201508164,True,-7.085326371714473,-23.125103562837467,0.39436169201508164,1.170244008069858
atcoder/abc381_b,2,8135320263708860431,258.61750591918826,0.39436169201508164,True,-13.792804080527276,-32.993660810170695,0.39436169201508164,-4.0684107972774655
atcoder/abc385_c,0,964560655875654777,501.744354121387,0.8372009303420782,True,-10.963378593325615,-243.28398260846734,0.8372009303420782,-1.694966921582818
atcoder/abc385_c,1,427043470929476056,500.68117837049067,0.8372009303420782,True,-10.076989199500531,-242.0566385819111,0.8372009303420782,-1.8442354630678892
atcoder/abc385_c,2,1959135261878928123,501.2130231168121,0.8372009303420782,True,-10.599520159885287,-241.57673037680797,0.8372009303420782,-2.101517405360937
atcoder/abc366_f,0,3701897765108674632,1328.5494149755687,3.0913897650316358,False,28.47646199213341,-426.3456116337329,3.0913897650316358,100.35077783488669
atcoder/abc366_f,1,2924821458360046738,1325.400045161834,3.0913897650316358,False,23.746369330910966,-419.13471018872224,3.0913897650316358,105.49070065002888
atcoder/abc366_f,2,8217331719518889387,1327.460783597082,3.0913897650316358,False,18.07489941571839,-428.4646303150803,3.0913897650316358,52.36623318074271
